district,year,week_of_year,rainfall_mm,normal_rainfall_mm
Lucknow,2005,22,69.9,55.6
Lucknow,2005,23,48.3,57.1
Lucknow,2005,24,49.5,58.6
Lucknow,2005,25,45.2,60.0
Lucknow,2005,26,92.3,61.2
Lucknow,2005,27,78.5,62.3
Lucknow,2005,28,85.8,63.1
Lucknow,2005,29,45.7,63.6
Lucknow,2005,30,102.5,63.9
Lucknow,2005,31,94.3,63.9
Lucknow,2005,32,57.1,63.6
Lucknow,2005,33,54.8,63.1
Lucknow,2005,34,54.2,62.3
Lucknow,2005,35,60.2,61.2
Lucknow,2005,36,71.3,60.0
Lucknow,2005,37,64.6,58.6
Lucknow,2005,38,55.5,57.1
Lucknow,2005,39,70.6,55.6
Lucknow,2006,22,22.5,55.6
Lucknow,2006,23,24.9,57.1
Lucknow,2006,24,32.6,58.6
Lucknow,2006,25,20.6,60.0
Lucknow,2006,26,28.0,61.2
Lucknow,2006,27,30.2,62.3
Lucknow,2006,28,18.2,63.1
Lucknow,2006,29,31.2,63.6
Lucknow,2006,30,21.3,63.9
Lucknow,2006,31,18.8,63.9
Lucknow,2006,32,39.1,63.6
Lucknow,2006,33,39.1,63.1
Lucknow,2006,34,35.1,62.3
Lucknow,2006,35,23.4,61.2
Lucknow,2006,36,18.4,60.0
Lucknow,2006,37,30.4,58.6
Lucknow,2006,38,24.6,57.1
Lucknow,2006,39,17.5,55.6
Lucknow,2007,22,60.3,55.6
Lucknow,2007,23,37.7,57.1
Lucknow,2007,24,54.1,58.6
Lucknow,2007,25,41.6,60.0
Lucknow,2007,26,50.8,61.2
Lucknow,2007,27,52.8,62.3
Lucknow,2007,28,38.5,63.1
Lucknow,2007,29,71.5,63.6
Lucknow,2007,30,63.7,63.9
Lucknow,2007,31,70.6,63.9
Lucknow,2007,32,68.4,63.6
Lucknow,2007,33,55.6,63.1
Lucknow,2007,34,68.0,62.3
Lucknow,2007,35,33.6,61.2
Lucknow,2007,36,37.1,60.0
Lucknow,2007,37,30.5,58.6
Lucknow,2007,38,40.2,57.1
Lucknow,2007,39,41.4,55.6
Lucknow,2008,22,59.8,55.6
Lucknow,2008,23,57.2,57.1
Lucknow,2008,24,73.6,58.6
Lucknow,2008,25,51.9,60.0
Lucknow,2008,26,92.3,61.2
Lucknow,2008,27,49.9,62.3
Lucknow,2008,28,106.4,63.1
Lucknow,2008,29,94.1,63.6
Lucknow,2008,30,58.9,63.9
Lucknow,2008,31,46.9,63.9
Lucknow,2008,32,96.8,63.6
Lucknow,2008,33,89.3,63.1
Lucknow,2008,34,89.5,62.3
Lucknow,2008,35,90.5,61.2
Lucknow,2008,36,48.0,60.0
Lucknow,2008,37,63.1,58.6
Lucknow,2008,38,48.1,57.1
Lucknow,2008,39,87.1,55.6
Lucknow,2009,22,34.9,55.6
Lucknow,2009,23,46.8,57.1
Lucknow,2009,24,48.7,58.6
Lucknow,2009,25,68.6,60.0
Lucknow,2009,26,65.6,61.2
Lucknow,2009,27,78.7,62.3
Lucknow,2009,28,59.5,63.1
Lucknow,2009,29,42.7,63.6
Lucknow,2009,30,72.2,63.9
Lucknow,2009,31,74.6,63.9
Lucknow,2009,32,64.4,63.6
Lucknow,2009,33,74.1,63.1
Lucknow,2009,34,59.8,62.3
Lucknow,2009,35,60.2,61.2
Lucknow,2009,36,54.6,60.0
Lucknow,2009,37,35.1,58.6
Lucknow,2009,38,37.9,57.1
Lucknow,2009,39,33.6,55.6
Lucknow,2010,22,53.6,55.6
Lucknow,2010,23,72.5,57.1
Lucknow,2010,24,44.9,58.6
Lucknow,2010,25,53.3,60.0
Lucknow,2010,26,70.6,61.2
Lucknow,2010,27,46.7,62.3
Lucknow,2010,28,39.9,63.1
Lucknow,2010,29,50.7,63.6
Lucknow,2010,30,44.6,63.9
Lucknow,2010,31,82.2,63.9
Lucknow,2010,32,75.9,63.6
Lucknow,2010,33,66.8,63.1
Lucknow,2010,34,77.3,62.3
Lucknow,2010,35,72.8,61.2
Lucknow,2010,36,43.0,60.0
Lucknow,2010,37,73.7,58.6
Lucknow,2010,38,56.4,57.1
Lucknow,2010,39,66.3,55.6
Lucknow,2011,22,36.7,55.6
Lucknow,2011,23,42.9,57.1
Lucknow,2011,24,52.9,58.6
Lucknow,2011,25,72.2,60.0
Lucknow,2011,26,75.7,61.2
Lucknow,2011,27,36.2,62.3
Lucknow,2011,28,61.0,63.1
Lucknow,2011,29,57.0,63.6
Lucknow,2011,30,47.7,63.9
Lucknow,2011,31,42.6,63.9
Lucknow,2011,32,53.1,63.6
Lucknow,2011,33,81.9,63.1
Lucknow,2011,34,51.3,62.3
Lucknow,2011,35,59.6,61.2
Lucknow,2011,36,66.9,60.0
Lucknow,2011,37,50.1,58.6
Lucknow,2011,38,75.5,57.1
Lucknow,2011,39,73.0,55.6
Lucknow,2012,22,49.0,55.6
Lucknow,2012,23,49.6,57.1
Lucknow,2012,24,38.7,58.6
Lucknow,2012,25,68.4,60.0
Lucknow,2012,26,64.3,61.2
Lucknow,2012,27,41.9,62.3
Lucknow,2012,28,54.4,63.1
Lucknow,2012,29,88.5,63.6
Lucknow,2012,30,53.0,63.9
Lucknow,2012,31,48.0,63.9
Lucknow,2012,32,66.2,63.6
Lucknow,2012,33,91.8,63.1
Lucknow,2012,34,51.8,62.3
Lucknow,2012,35,73.0,61.2
Lucknow,2012,36,76.1,60.0
Lucknow,2012,37,48.6,58.6
Lucknow,2012,38,70.8,57.1
Lucknow,2012,39,52.1,55.6
Lucknow,2013,22,63.9,55.6
Lucknow,2013,23,42.9,57.1
Lucknow,2013,24,83.0,58.6
Lucknow,2013,25,57.4,60.0
Lucknow,2013,26,51.2,61.2
Lucknow,2013,27,44.0,62.3
Lucknow,2013,28,75.6,63.1
Lucknow,2013,29,81.1,63.6
Lucknow,2013,30,43.8,63.9
Lucknow,2013,31,72.1,63.9
Lucknow,2013,32,55.5,63.6
Lucknow,2013,33,78.6,63.1
Lucknow,2013,34,51.4,62.3
Lucknow,2013,35,78.8,61.2
Lucknow,2013,36,60.9,60.0
Lucknow,2013,37,88.3,58.6
Lucknow,2013,38,45.3,57.1
Lucknow,2013,39,54.2,55.6
Lucknow,2014,22,48.8,55.6
Lucknow,2014,23,31.0,57.1
Lucknow,2014,24,44.5,58.6
Lucknow,2014,25,50.7,60.0
Lucknow,2014,26,43.1,61.2
Lucknow,2014,27,42.9,62.3
Lucknow,2014,28,33.7,63.1
Lucknow,2014,29,28.9,63.6
Lucknow,2014,30,56.7,63.9
Lucknow,2014,31,56.8,63.9
Lucknow,2014,32,47.4,63.6
Lucknow,2014,33,37.0,63.1
Lucknow,2014,34,36.9,62.3
Lucknow,2014,35,48.7,61.2
Lucknow,2014,36,53.3,60.0
Lucknow,2014,37,51.7,58.6
Lucknow,2014,38,47.1,57.1
Lucknow,2014,39,41.7,55.6
Lucknow,2015,22,29.8,55.6
Lucknow,2015,23,25.2,57.1
Lucknow,2015,24,14.5,58.6
Lucknow,2015,25,16.6,60.0
Lucknow,2015,26,28.1,61.2
Lucknow,2015,27,15.3,62.3
Lucknow,2015,28,18.7,63.1
Lucknow,2015,29,26.9,63.6
Lucknow,2015,30,30.0,63.9
Lucknow,2015,31,29.1,63.9
Lucknow,2015,32,20.2,63.6
Lucknow,2015,33,30.0,63.1
Lucknow,2015,34,20.0,62.3
Lucknow,2015,35,21.4,61.2
Lucknow,2015,36,29.2,60.0
Lucknow,2015,37,26.7,58.6
Lucknow,2015,38,29.7,57.1
Lucknow,2015,39,25.5,55.6
Lucknow,2016,22,42.1,55.6
Lucknow,2016,23,39.3,57.1
Lucknow,2016,24,39.5,58.6
Lucknow,2016,25,70.0,60.0
Lucknow,2016,26,47.4,61.2
Lucknow,2016,27,69.3,62.3
Lucknow,2016,28,59.0,63.1
Lucknow,2016,29,66.6,63.6
Lucknow,2016,30,54.2,63.9
Lucknow,2016,31,57.4,63.9
Lucknow,2016,32,53.6,63.6
Lucknow,2016,33,40.4,63.1
Lucknow,2016,34,62.1,62.3
Lucknow,2016,35,42.7,61.2
Lucknow,2016,36,31.5,60.0
Lucknow,2016,37,55.4,58.6
Lucknow,2016,38,35.9,57.1
Lucknow,2016,39,63.7,55.6
Lucknow,2017,22,62.7,55.6
Lucknow,2017,23,44.0,57.1
Lucknow,2017,24,99.0,58.6
Lucknow,2017,25,71.1,60.0
Lucknow,2017,26,105.7,61.2
Lucknow,2017,27,107.3,62.3
Lucknow,2017,28,101.7,63.1
Lucknow,2017,29,66.8,63.6
Lucknow,2017,30,73.0,63.9
Lucknow,2017,31,102.9,63.9
Lucknow,2017,32,68.3,63.6
Lucknow,2017,33,58.3,63.1
Lucknow,2017,34,81.8,62.3
Lucknow,2017,35,103.8,61.2
Lucknow,2017,36,87.3,60.0
Lucknow,2017,37,77.8,58.6
Lucknow,2017,38,48.7,57.1
Lucknow,2017,39,76.3,55.6
Lucknow,2018,22,49.1,55.6
Lucknow,2018,23,64.7,57.1
Lucknow,2018,24,60.8,58.6
Lucknow,2018,25,60.4,60.0
Lucknow,2018,26,61.9,61.2
Lucknow,2018,27,48.1,62.3
Lucknow,2018,28,45.8,63.1
Lucknow,2018,29,69.1,63.6
Lucknow,2018,30,69.4,63.9
Lucknow,2018,31,71.9,63.9
Lucknow,2018,32,73.7,63.6
Lucknow,2018,33,55.4,63.1
Lucknow,2018,34,54.2,62.3
Lucknow,2018,35,66.0,61.2
Lucknow,2018,36,58.5,60.0
Lucknow,2018,37,59.2,58.6
Lucknow,2018,38,61.5,57.1
Lucknow,2018,39,63.5,55.6
Lucknow,2019,22,37.1,55.6
Lucknow,2019,23,60.0,57.1
Lucknow,2019,24,36.4,58.6
Lucknow,2019,25,57.6,60.0
Lucknow,2019,26,62.5,61.2
Lucknow,2019,27,51.0,62.3
Lucknow,2019,28,66.8,63.1
Lucknow,2019,29,39.2,63.6
Lucknow,2019,30,39.8,63.9
Lucknow,2019,31,79.4,63.9
Lucknow,2019,32,55.8,63.6
Lucknow,2019,33,43.7,63.1
Lucknow,2019,34,62.6,62.3
Lucknow,2019,35,73.5,61.2
Lucknow,2019,36,45.8,60.0
Lucknow,2019,37,63.6,58.6
Lucknow,2019,38,37.7,57.1
Lucknow,2019,39,35.2,55.6
Lucknow,2020,22,66.1,55.6
Lucknow,2020,23,72.2,57.1
Lucknow,2020,24,86.6,58.6
Lucknow,2020,25,65.0,60.0
Lucknow,2020,26,56.2,61.2
Lucknow,2020,27,82.4,62.3
Lucknow,2020,28,55.1,63.1
Lucknow,2020,29,64.8,63.6
Lucknow,2020,30,45.3,63.9
Lucknow,2020,31,42.4,63.9
Lucknow,2020,32,93.3,63.6
Lucknow,2020,33,85.6,63.1
Lucknow,2020,34,77.1,62.3
Lucknow,2020,35,60.8,61.2
Lucknow,2020,36,47.4,60.0
Lucknow,2020,37,45.5,58.6
Lucknow,2020,38,48.9,57.1
Lucknow,2020,39,61.9,55.6
Lucknow,2021,22,51.8,55.6
Lucknow,2021,23,88.1,57.1
Lucknow,2021,24,78.8,58.6
Lucknow,2021,25,70.7,60.0
Lucknow,2021,26,75.4,61.2
Lucknow,2021,27,65.8,62.3
Lucknow,2021,28,56.9,63.1
Lucknow,2021,29,63.6,63.6
Lucknow,2021,30,87.1,63.9
Lucknow,2021,31,44.2,63.9
Lucknow,2021,32,49.8,63.6
Lucknow,2021,33,45.4,63.1
Lucknow,2021,34,44.5,62.3
Lucknow,2021,35,88.9,61.2
Lucknow,2021,36,78.8,60.0
Lucknow,2021,37,64.9,58.6
Lucknow,2021,38,43.8,57.1
Lucknow,2021,39,62.4,55.6
Lucknow,2022,22,46.7,55.6
Lucknow,2022,23,46.5,57.1
Lucknow,2022,24,56.8,58.6
Lucknow,2022,25,58.9,60.0
Lucknow,2022,26,34.5,61.2
Lucknow,2022,27,49.7,62.3
Lucknow,2022,28,61.5,63.1
Lucknow,2022,29,56.5,63.6
Lucknow,2022,30,72.8,63.9
Lucknow,2022,31,63.9,63.9
Lucknow,2022,32,41.2,63.6
Lucknow,2022,33,36.7,63.1
Lucknow,2022,34,61.5,62.3
Lucknow,2022,35,33.7,61.2
Lucknow,2022,36,56.8,60.0
Lucknow,2022,37,70.3,58.6
Lucknow,2022,38,53.7,57.1
Lucknow,2022,39,44.9,55.6
Lucknow,2023,22,59.3,55.6
Lucknow,2023,23,79.6,57.1
Lucknow,2023,24,54.8,58.6
Lucknow,2023,25,84.5,60.0
Lucknow,2023,26,83.4,61.2
Lucknow,2023,27,48.5,62.3
Lucknow,2023,28,42.5,63.1
Lucknow,2023,29,44.6,63.6
Lucknow,2023,30,40.4,63.9
Lucknow,2023,31,44.4,63.9
Lucknow,2023,32,75.1,63.6
Lucknow,2023,33,42.6,63.1
Lucknow,2023,34,54.8,62.3
Lucknow,2023,35,80.4,61.2
Lucknow,2023,36,38.2,60.0
Lucknow,2023,37,75.5,58.6
Lucknow,2023,38,48.5,57.1
Lucknow,2023,39,39.7,55.6
Lucknow,2024,22,80.7,55.6
Lucknow,2024,23,75.6,57.1
Lucknow,2024,24,81.2,58.6
Lucknow,2024,25,55.2,60.0
Lucknow,2024,26,50.6,61.2
Lucknow,2024,27,83.3,62.3
Lucknow,2024,28,87.5,63.1
Lucknow,2024,29,98.7,63.6
Lucknow,2024,30,66.2,63.9
Lucknow,2024,31,63.9,63.9
Lucknow,2024,32,86.6,63.6
Lucknow,2024,33,61.3,63.1
Lucknow,2024,34,93.3,62.3
Lucknow,2024,35,87.8,61.2
Lucknow,2024,36,63.1,60.0
Lucknow,2024,37,78.4,58.6
Lucknow,2024,38,76.6,57.1
Lucknow,2024,39,42.3,55.6
Kanpur,2005,22,87.9,84.6
Kanpur,2005,23,138.9,87.0
Kanpur,2005,24,98.7,89.2
Kanpur,2005,25,67.4,91.3
Kanpur,2005,26,149.7,93.2
Kanpur,2005,27,77.4,94.8
Kanpur,2005,28,99.6,96.0
Kanpur,2005,29,159.8,96.9
Kanpur,2005,30,160.6,97.3
Kanpur,2005,31,125.0,97.3
Kanpur,2005,32,129.9,96.9
Kanpur,2005,33,111.7,96.0
Kanpur,2005,34,96.0,94.8
Kanpur,2005,35,97.6,93.2
Kanpur,2005,36,126.1,91.3
Kanpur,2005,37,130.1,89.2
Kanpur,2005,38,130.1,87.0
Kanpur,2005,39,126.5,84.6
Kanpur,2006,22,28.6,84.6
Kanpur,2006,23,47.3,87.0
Kanpur,2006,24,44.5,89.2
Kanpur,2006,25,62.6,91.3
Kanpur,2006,26,42.9,93.2
Kanpur,2006,27,34.4,94.8
Kanpur,2006,28,35.9,96.0
Kanpur,2006,29,61.3,96.9
Kanpur,2006,30,55.7,97.3
Kanpur,2006,31,34.6,97.3
Kanpur,2006,32,33.8,96.9
Kanpur,2006,33,58.3,96.0
Kanpur,2006,34,32.6,94.8
Kanpur,2006,35,61.3,93.2
Kanpur,2006,36,55.6,91.3
Kanpur,2006,37,31.0,89.2
Kanpur,2006,38,30.4,87.0
Kanpur,2006,39,61.5,84.6
Kanpur,2007,22,104.3,84.6
Kanpur,2007,23,116.4,87.0
Kanpur,2007,24,122.1,89.2
Kanpur,2007,25,108.2,91.3
Kanpur,2007,26,82.7,93.2
Kanpur,2007,27,62.3,94.8
Kanpur,2007,28,115.6,96.0
Kanpur,2007,29,99.9,96.9
Kanpur,2007,30,90.0,97.3
Kanpur,2007,31,127.0,97.3
Kanpur,2007,32,65.7,96.9
Kanpur,2007,33,94.0,96.0
Kanpur,2007,34,56.9,94.8
Kanpur,2007,35,89.5,93.2
Kanpur,2007,36,58.0,91.3
Kanpur,2007,37,61.1,89.2
Kanpur,2007,38,59.5,87.0
Kanpur,2007,39,93.4,84.6
Kanpur,2008,22,126.6,84.6
Kanpur,2008,23,85.4,87.0
Kanpur,2008,24,80.7,89.2
Kanpur,2008,25,129.1,91.3
Kanpur,2008,26,79.2,93.2
Kanpur,2008,27,141.8,94.8
Kanpur,2008,28,63.9,96.0
Kanpur,2008,29,145.5,96.9
Kanpur,2008,30,67.4,97.3
Kanpur,2008,31,139.4,97.3
Kanpur,2008,32,108.1,96.9
Kanpur,2008,33,146.1,96.0
Kanpur,2008,34,68.2,94.8
Kanpur,2008,35,106.1,93.2
Kanpur,2008,36,137.1,91.3
Kanpur,2008,37,99.2,89.2
Kanpur,2008,38,104.8,87.0
Kanpur,2008,39,106.9,84.6
Kanpur,2009,22,100.6,84.6
Kanpur,2009,23,128.0,87.0
Kanpur,2009,24,63.2,89.2
Kanpur,2009,25,83.9,91.3
Kanpur,2009,26,141.2,93.2
Kanpur,2009,27,138.5,94.8
Kanpur,2009,28,103.1,96.0
Kanpur,2009,29,118.2,96.9
Kanpur,2009,30,89.1,97.3
Kanpur,2009,31,81.3,97.3
Kanpur,2009,32,104.7,96.9
Kanpur,2009,33,94.4,96.0
Kanpur,2009,34,112.6,94.8
Kanpur,2009,35,68.7,93.2
Kanpur,2009,36,140.3,91.3
Kanpur,2009,37,138.0,89.2
Kanpur,2009,38,112.2,87.0
Kanpur,2009,39,97.0,84.6
Kanpur,2010,22,117.2,84.6
Kanpur,2010,23,76.6,87.0
Kanpur,2010,24,143.1,89.2
Kanpur,2010,25,138.7,91.3
Kanpur,2010,26,152.9,93.2
Kanpur,2010,27,135.0,94.8
Kanpur,2010,28,126.4,96.0
Kanpur,2010,29,109.2,96.9
Kanpur,2010,30,158.1,97.3
Kanpur,2010,31,151.8,97.3
Kanpur,2010,32,74.4,96.9
Kanpur,2010,33,72.0,96.0
Kanpur,2010,34,103.1,94.8
Kanpur,2010,35,140.4,93.2
Kanpur,2010,36,153.2,91.3
Kanpur,2010,37,77.6,89.2
Kanpur,2010,38,112.9,87.0
Kanpur,2010,39,92.4,84.6
Kanpur,2011,22,131.3,84.6
Kanpur,2011,23,103.5,87.0
Kanpur,2011,24,101.5,89.2
Kanpur,2011,25,91.3,91.3
Kanpur,2011,26,73.4,93.2
Kanpur,2011,27,149.5,94.8
Kanpur,2011,28,146.6,96.0
Kanpur,2011,29,165.5,96.9
Kanpur,2011,30,166.0,97.3
Kanpur,2011,31,124.1,97.3
Kanpur,2011,32,143.7,96.9
Kanpur,2011,33,158.9,96.0
Kanpur,2011,34,148.1,94.8
Kanpur,2011,35,90.8,93.2
Kanpur,2011,36,107.1,91.3
Kanpur,2011,37,76.6,89.2
Kanpur,2011,38,144.8,87.0
Kanpur,2011,39,112.1,84.6
Kanpur,2012,22,105.2,84.6
Kanpur,2012,23,87.6,87.0
Kanpur,2012,24,70.0,89.2
Kanpur,2012,25,118.0,91.3
Kanpur,2012,26,107.6,93.2
Kanpur,2012,27,131.1,94.8
Kanpur,2012,28,110.8,96.0
Kanpur,2012,29,141.0,96.9
Kanpur,2012,30,115.1,97.3
Kanpur,2012,31,115.9,97.3
Kanpur,2012,32,143.2,96.9
Kanpur,2012,33,100.6,96.0
Kanpur,2012,34,76.1,94.8
Kanpur,2012,35,65.9,93.2
Kanpur,2012,36,124.9,91.3
Kanpur,2012,37,111.1,89.2
Kanpur,2012,38,114.9,87.0
Kanpur,2012,39,74.1,84.6
Kanpur,2013,22,26.5,84.6
Kanpur,2013,23,33.1,87.0
Kanpur,2013,24,29.0,89.2
Kanpur,2013,25,30.8,91.3
Kanpur,2013,26,43.8,93.2
Kanpur,2013,27,29.6,94.8
Kanpur,2013,28,34.5,96.0
Kanpur,2013,29,42.2,96.9
Kanpur,2013,30,31.7,97.3
Kanpur,2013,31,37.9,97.3
Kanpur,2013,32,44.4,96.9
Kanpur,2013,33,46.4,96.0
Kanpur,2013,34,24.2,94.8
Kanpur,2013,35,44.4,93.2
Kanpur,2013,36,32.2,91.3
Kanpur,2013,37,25.6,89.2
Kanpur,2013,38,29.9,87.0
Kanpur,2013,39,41.6,84.6
Kanpur,2014,22,90.3,84.6
Kanpur,2014,23,66.4,87.0
Kanpur,2014,24,56.9,89.2
Kanpur,2014,25,61.9,91.3
Kanpur,2014,26,63.1,93.2
Kanpur,2014,27,65.9,94.8
Kanpur,2014,28,65.8,96.0
Kanpur,2014,29,103.9,96.9
Kanpur,2014,30,69.9,97.3
Kanpur,2014,31,82.2,97.3
Kanpur,2014,32,123.1,96.9
Kanpur,2014,33,90.7,96.0
Kanpur,2014,34,103.6,94.8
Kanpur,2014,35,66.3,93.2
Kanpur,2014,36,66.4,91.3
Kanpur,2014,37,54.4,89.2
Kanpur,2014,38,61.7,87.0
Kanpur,2014,39,67.2,84.6
Kanpur,2015,22,22.5,84.6
Kanpur,2015,23,32.1,87.0
Kanpur,2015,24,26.0,89.2
Kanpur,2015,25,31.0,91.3
Kanpur,2015,26,35.6,93.2
Kanpur,2015,27,41.6,94.8
Kanpur,2015,28,23.1,96.0
Kanpur,2015,29,45.7,96.9
Kanpur,2015,30,40.9,97.3
Kanpur,2015,31,24.7,97.3
Kanpur,2015,32,47.9,96.9
Kanpur,2015,33,48.9,96.0
Kanpur,2015,34,23.4,94.8
Kanpur,2015,35,29.2,93.2
Kanpur,2015,36,43.3,91.3
Kanpur,2015,37,40.8,89.2
Kanpur,2015,38,24.8,87.0
Kanpur,2015,39,24.8,84.6
Kanpur,2016,22,96.6,84.6
Kanpur,2016,23,81.1,87.0
Kanpur,2016,24,90.2,89.2
Kanpur,2016,25,114.0,91.3
Kanpur,2016,26,61.1,93.2
Kanpur,2016,27,79.2,94.8
Kanpur,2016,28,117.1,96.0
Kanpur,2016,29,132.9,96.9
Kanpur,2016,30,102.3,97.3
Kanpur,2016,31,104.0,97.3
Kanpur,2016,32,69.2,96.9
Kanpur,2016,33,95.9,96.0
Kanpur,2016,34,101.4,94.8
Kanpur,2016,35,77.1,93.2
Kanpur,2016,36,77.6,91.3
Kanpur,2016,37,83.9,89.2
Kanpur,2016,38,55.8,87.0
Kanpur,2016,39,75.7,84.6
Kanpur,2017,22,27.4,84.6
Kanpur,2017,23,53.0,87.0
Kanpur,2017,24,44.6,89.2
Kanpur,2017,25,48.5,91.3
Kanpur,2017,26,53.3,93.2
Kanpur,2017,27,44.0,94.8
Kanpur,2017,28,29.9,96.0
Kanpur,2017,29,46.3,96.9
Kanpur,2017,30,48.3,97.3
Kanpur,2017,31,54.1,97.3
Kanpur,2017,32,42.5,96.9
Kanpur,2017,33,31.3,96.0
Kanpur,2017,34,36.4,94.8
Kanpur,2017,35,38.6,93.2
Kanpur,2017,36,47.4,91.3
Kanpur,2017,37,43.8,89.2
Kanpur,2017,38,35.8,87.0
Kanpur,2017,39,54.6,84.6
Kanpur,2018,22,53.0,84.6
Kanpur,2018,23,57.7,87.0
Kanpur,2018,24,65.3,89.2
Kanpur,2018,25,61.1,91.3
Kanpur,2018,26,64.1,93.2
Kanpur,2018,27,72.1,94.8
Kanpur,2018,28,65.1,96.0
Kanpur,2018,29,117.2,96.9
Kanpur,2018,30,59.4,97.3
Kanpur,2018,31,91.1,97.3
Kanpur,2018,32,82.6,96.9
Kanpur,2018,33,122.2,96.0
Kanpur,2018,34,60.0,94.8
Kanpur,2018,35,78.6,93.2
Kanpur,2018,36,115.4,91.3
Kanpur,2018,37,105.9,89.2
Kanpur,2018,38,100.2,87.0
Kanpur,2018,39,62.7,84.6
Kanpur,2019,22,66.4,84.6
Kanpur,2019,23,53.1,87.0
Kanpur,2019,24,55.1,89.2
Kanpur,2019,25,43.9,91.3
Kanpur,2019,26,66.2,93.2
Kanpur,2019,27,41.5,94.8
Kanpur,2019,28,48.2,96.0
Kanpur,2019,29,53.2,96.9
Kanpur,2019,30,57.2,97.3
Kanpur,2019,31,45.1,97.3
Kanpur,2019,32,39.1,96.9
Kanpur,2019,33,61.0,96.0
Kanpur,2019,34,46.0,94.8
Kanpur,2019,35,58.0,93.2
Kanpur,2019,36,38.6,91.3
Kanpur,2019,37,51.3,89.2
Kanpur,2019,38,52.1,87.0
Kanpur,2019,39,31.7,84.6
Kanpur,2020,22,47.8,84.6
Kanpur,2020,23,105.0,87.0
Kanpur,2020,24,66.4,89.2
Kanpur,2020,25,98.8,91.3
Kanpur,2020,26,65.0,93.2
Kanpur,2020,27,94.1,94.8
Kanpur,2020,28,100.6,96.0
Kanpur,2020,29,90.4,96.9
Kanpur,2020,30,82.4,97.3
Kanpur,2020,31,78.4,97.3
Kanpur,2020,32,73.8,96.9
Kanpur,2020,33,111.9,96.0
Kanpur,2020,34,103.9,94.8
Kanpur,2020,35,110.9,93.2
Kanpur,2020,36,55.4,91.3
Kanpur,2020,37,91.7,89.2
Kanpur,2020,38,101.9,87.0
Kanpur,2020,39,54.7,84.6
Kanpur,2021,22,54.7,84.6
Kanpur,2021,23,67.5,87.0
Kanpur,2021,24,38.7,89.2
Kanpur,2021,25,68.8,91.3
Kanpur,2021,26,43.2,93.2
Kanpur,2021,27,42.2,94.8
Kanpur,2021,28,42.8,96.0
Kanpur,2021,29,73.9,96.9
Kanpur,2021,30,67.1,97.3
Kanpur,2021,31,60.4,97.3
Kanpur,2021,32,52.4,96.9
Kanpur,2021,33,76.2,96.0
Kanpur,2021,34,52.8,94.8
Kanpur,2021,35,71.2,93.2
Kanpur,2021,36,52.9,91.3
Kanpur,2021,37,49.0,89.2
Kanpur,2021,38,51.4,87.0
Kanpur,2021,39,43.4,84.6
Kanpur,2022,22,69.9,84.6
Kanpur,2022,23,120.7,87.0
Kanpur,2022,24,85.1,89.2
Kanpur,2022,25,99.4,91.3
Kanpur,2022,26,129.8,93.2
Kanpur,2022,27,109.5,94.8
Kanpur,2022,28,70.0,96.0
Kanpur,2022,29,137.7,96.9
Kanpur,2022,30,112.7,97.3
Kanpur,2022,31,88.8,97.3
Kanpur,2022,32,72.4,96.9
Kanpur,2022,33,124.7,96.0
Kanpur,2022,34,109.2,94.8
Kanpur,2022,35,100.6,93.2
Kanpur,2022,36,126.3,91.3
Kanpur,2022,37,115.5,89.2
Kanpur,2022,38,66.0,87.0
Kanpur,2022,39,75.6,84.6
Kanpur,2023,22,62.2,84.6
Kanpur,2023,23,107.6,87.0
Kanpur,2023,24,126.5,89.2
Kanpur,2023,25,139.3,91.3
Kanpur,2023,26,95.4,93.2
Kanpur,2023,27,139.6,94.8
Kanpur,2023,28,77.5,96.0
Kanpur,2023,29,145.0,96.9
Kanpur,2023,30,80.0,97.3
Kanpur,2023,31,104.6,97.3
Kanpur,2023,32,140.5,96.9
Kanpur,2023,33,81.0,96.0
Kanpur,2023,34,87.0,94.8
Kanpur,2023,35,128.6,93.2
Kanpur,2023,36,125.9,91.3
Kanpur,2023,37,116.4,89.2
Kanpur,2023,38,117.7,87.0
Kanpur,2023,39,102.6,84.6
Kanpur,2024,22,61.4,84.6
Kanpur,2024,23,112.3,87.0
Kanpur,2024,24,92.6,89.2
Kanpur,2024,25,81.8,91.3
Kanpur,2024,26,87.9,93.2
Kanpur,2024,27,125.2,94.8
Kanpur,2024,28,67.5,96.0
Kanpur,2024,29,100.7,96.9
Kanpur,2024,30,95.1,97.3
Kanpur,2024,31,103.1,97.3
Kanpur,2024,32,57.9,96.9
Kanpur,2024,33,121.2,96.0
Kanpur,2024,34,124.1,94.8
Kanpur,2024,35,95.4,93.2
Kanpur,2024,36,102.8,91.3
Kanpur,2024,37,116.1,89.2
Kanpur,2024,38,98.6,87.0
Kanpur,2024,39,59.5,84.6
Indore,2005,22,80.3,66.7
Indore,2005,23,93.5,68.5
Indore,2005,24,95.4,70.3
Indore,2005,25,70.0,72.0
Indore,2005,26,51.3,73.4
Indore,2005,27,104.9,74.7
Indore,2005,28,97.3,75.7
Indore,2005,29,54.0,76.3
Indore,2005,30,103.7,76.7
Indore,2005,31,100.5,76.7
Indore,2005,32,78.4,76.3
Indore,2005,33,82.2,75.7
Indore,2005,34,69.5,74.7
Indore,2005,35,47.8,73.4
Indore,2005,36,63.2,72.0
Indore,2005,37,88.4,70.3
Indore,2005,38,41.9,68.5
Indore,2005,39,58.5,66.7
Indore,2006,22,95.2,66.7
Indore,2006,23,64.2,68.5
Indore,2006,24,65.9,70.3
Indore,2006,25,91.5,72.0
Indore,2006,26,75.5,73.4
Indore,2006,27,62.2,74.7
Indore,2006,28,77.8,75.7
Indore,2006,29,58.1,76.3
Indore,2006,30,60.7,76.7
Indore,2006,31,81.8,76.7
Indore,2006,32,76.3,76.3
Indore,2006,33,107.7,75.7
Indore,2006,34,71.0,74.7
Indore,2006,35,83.5,73.4
Indore,2006,36,85.0,72.0
Indore,2006,37,45.9,70.3
Indore,2006,38,82.8,68.5
Indore,2006,39,52.9,66.7
Indore,2007,22,54.3,66.7
Indore,2007,23,40.0,68.5
Indore,2007,24,85.9,70.3
Indore,2007,25,63.0,72.0
Indore,2007,26,69.1,73.4
Indore,2007,27,42.7,74.7
Indore,2007,28,79.4,75.7
Indore,2007,29,51.2,76.3
Indore,2007,30,88.4,76.7
Indore,2007,31,51.2,76.7
Indore,2007,32,50.2,76.3
Indore,2007,33,41.6,75.7
Indore,2007,34,63.8,74.7
Indore,2007,35,67.5,73.4
Indore,2007,36,41.1,72.0
Indore,2007,37,75.0,70.3
Indore,2007,38,57.7,68.5
Indore,2007,39,59.5,66.7
Indore,2008,22,69.9,66.7
Indore,2008,23,49.7,68.5
Indore,2008,24,52.4,70.3
Indore,2008,25,92.8,72.0
Indore,2008,26,99.7,73.4
Indore,2008,27,67.1,74.7
Indore,2008,28,61.8,75.7
Indore,2008,29,85.1,76.3
Indore,2008,30,71.1,76.7
Indore,2008,31,47.6,76.7
Indore,2008,32,55.3,76.3
Indore,2008,33,88.8,75.7
Indore,2008,34,84.2,74.7
Indore,2008,35,45.7,73.4
Indore,2008,36,56.0,72.0
Indore,2008,37,55.2,70.3
Indore,2008,38,78.0,68.5
Indore,2008,39,41.1,66.7
Indore,2009,22,31.2,66.7
Indore,2009,23,48.5,68.5
Indore,2009,24,35.0,70.3
Indore,2009,25,30.8,72.0
Indore,2009,26,36.8,73.4
Indore,2009,27,55.4,74.7
Indore,2009,28,61.2,75.7
Indore,2009,29,60.8,76.3
Indore,2009,30,44.3,76.7
Indore,2009,31,54.8,76.7
Indore,2009,32,36.7,76.3
Indore,2009,33,39.8,75.7
Indore,2009,34,62.0,74.7
Indore,2009,35,28.2,73.4
Indore,2009,36,30.3,72.0
Indore,2009,37,33.9,70.3
Indore,2009,38,26.8,68.5
Indore,2009,39,31.3,66.7
Indore,2010,22,88.6,66.7
Indore,2010,23,86.9,68.5
Indore,2010,24,62.1,70.3
Indore,2010,25,58.7,72.0
Indore,2010,26,67.1,73.4
Indore,2010,27,80.9,74.7
Indore,2010,28,62.3,75.7
Indore,2010,29,84.8,76.3
Indore,2010,30,71.9,76.7
Indore,2010,31,80.7,76.7
Indore,2010,32,73.2,76.3
Indore,2010,33,63.9,75.7
Indore,2010,34,102.6,74.7
Indore,2010,35,89.9,73.4
Indore,2010,36,51.8,72.0
Indore,2010,37,92.0,70.3
Indore,2010,38,68.6,68.5
Indore,2010,39,88.7,66.7
Indore,2011,22,41.7,66.7
Indore,2011,23,56.6,68.5
Indore,2011,24,73.6,70.3
Indore,2011,25,80.7,72.0
Indore,2011,26,60.0,73.4
Indore,2011,27,53.8,74.7
Indore,2011,28,97.1,75.7
Indore,2011,29,107.2,76.3
Indore,2011,30,79.2,76.7
Indore,2011,31,57.2,76.7
Indore,2011,32,63.2,76.3
Indore,2011,33,47.1,75.7
Indore,2011,34,100.7,74.7
Indore,2011,35,51.6,73.4
Indore,2011,36,77.3,72.0
Indore,2011,37,58.3,70.3
Indore,2011,38,72.4,68.5
Indore,2011,39,75.7,66.7
Indore,2012,22,36.7,66.7
Indore,2012,23,43.9,68.5
Indore,2012,24,83.8,70.3
Indore,2012,25,84.4,72.0
Indore,2012,26,71.5,73.4
Indore,2012,27,72.9,74.7
Indore,2012,28,77.4,75.7
Indore,2012,29,51.0,76.3
Indore,2012,30,92.2,76.7
Indore,2012,31,64.7,76.7
Indore,2012,32,62.5,76.3
Indore,2012,33,69.4,75.7
Indore,2012,34,43.0,74.7
Indore,2012,35,48.6,73.4
Indore,2012,36,77.4,72.0
Indore,2012,37,42.3,70.3
Indore,2012,38,67.0,68.5
Indore,2012,39,48.0,66.7
Indore,2013,22,55.7,66.7
Indore,2013,23,76.1,68.5
Indore,2013,24,55.6,70.3
Indore,2013,25,71.6,72.0
Indore,2013,26,68.0,73.4
Indore,2013,27,79.8,74.7
Indore,2013,28,96.4,75.7
Indore,2013,29,85.5,76.3
Indore,2013,30,55.9,76.7
Indore,2013,31,45.2,76.7
Indore,2013,32,58.4,76.3
Indore,2013,33,76.9,75.7
Indore,2013,34,45.2,74.7
Indore,2013,35,69.1,73.4
Indore,2013,36,73.2,72.0
Indore,2013,37,57.6,70.3
Indore,2013,38,78.7,68.5
Indore,2013,39,43.2,66.7
Indore,2014,22,40.2,66.7
Indore,2014,23,47.7,68.5
Indore,2014,24,40.3,70.3
Indore,2014,25,34.7,72.0
Indore,2014,26,55.8,73.4
Indore,2014,27,56.0,74.7
Indore,2014,28,52.9,75.7
Indore,2014,29,37.7,76.3
Indore,2014,30,49.7,76.7
Indore,2014,31,41.2,76.7
Indore,2014,32,31.1,76.3
Indore,2014,33,61.0,75.7
Indore,2014,34,32.0,74.7
Indore,2014,35,60.4,73.4
Indore,2014,36,41.6,72.0
Indore,2014,37,31.8,70.3
Indore,2014,38,42.8,68.5
Indore,2014,39,52.4,66.7
Indore,2015,22,90.4,66.7
Indore,2015,23,95.2,68.5
Indore,2015,24,108.2,70.3
Indore,2015,25,69.2,72.0
Indore,2015,26,87.6,73.4
Indore,2015,27,69.8,74.7
Indore,2015,28,126.5,75.7
Indore,2015,29,124.5,76.3
Indore,2015,30,58.3,76.7
Indore,2015,31,107.4,76.7
Indore,2015,32,123.1,76.3
Indore,2015,33,67.8,75.7
Indore,2015,34,94.7,74.7
Indore,2015,35,117.7,73.4
Indore,2015,36,54.3,72.0
Indore,2015,37,98.0,70.3
Indore,2015,38,69.1,68.5
Indore,2015,39,107.5,66.7
Indore,2016,22,83.1,66.7
Indore,2016,23,112.4,68.5
Indore,2016,24,114.1,70.3
Indore,2016,25,78.3,72.0
Indore,2016,26,118.0,73.4
Indore,2016,27,59.8,74.7
Indore,2016,28,103.7,75.7
Indore,2016,29,76.1,76.3
Indore,2016,30,67.9,76.7
Indore,2016,31,64.5,76.7
Indore,2016,32,112.3,76.3
Indore,2016,33,83.9,75.7
Indore,2016,34,112.1,74.7
Indore,2016,35,60.9,73.4
Indore,2016,36,78.0,72.0
Indore,2016,37,92.3,70.3
Indore,2016,38,107.5,68.5
Indore,2016,39,72.5,66.7
Indore,2017,22,90.6,66.7
Indore,2017,23,67.0,68.5
Indore,2017,24,54.1,70.3
Indore,2017,25,115.9,72.0
Indore,2017,26,56.3,73.4
Indore,2017,27,120.7,74.7
Indore,2017,28,96.2,75.7
Indore,2017,29,128.2,76.3
Indore,2017,30,118.1,76.7
Indore,2017,31,133.2,76.7
Indore,2017,32,83.5,76.3
Indore,2017,33,114.1,75.7
Indore,2017,34,85.5,74.7
Indore,2017,35,89.8,73.4
Indore,2017,36,98.6,72.0
Indore,2017,37,113.5,70.3
Indore,2017,38,118.2,68.5
Indore,2017,39,100.7,66.7
Indore,2018,22,80.2,66.7
Indore,2018,23,54.8,68.5
Indore,2018,24,48.9,70.3
Indore,2018,25,64.3,72.0
Indore,2018,26,61.6,73.4
Indore,2018,27,63.2,74.7
Indore,2018,28,60.2,75.7
Indore,2018,29,48.9,76.3
Indore,2018,30,47.6,76.7
Indore,2018,31,107.7,76.7
Indore,2018,32,72.7,76.3
Indore,2018,33,69.4,75.7
Indore,2018,34,86.3,74.7
Indore,2018,35,57.5,73.4
Indore,2018,36,98.9,72.0
Indore,2018,37,87.3,70.3
Indore,2018,38,46.5,68.5
Indore,2018,39,63.0,66.7
Indore,2019,22,82.6,66.7
Indore,2019,23,95.1,68.5
Indore,2019,24,65.6,70.3
Indore,2019,25,127.5,72.0
Indore,2019,26,73.4,73.4
Indore,2019,27,128.7,74.7
Indore,2019,28,107.8,75.7
Indore,2019,29,105.5,76.3
Indore,2019,30,98.5,76.7
Indore,2019,31,76.5,76.7
Indore,2019,32,72.0,76.3
Indore,2019,33,74.7,75.7
Indore,2019,34,71.2,74.7
Indore,2019,35,114.3,73.4
Indore,2019,36,80.6,72.0
Indore,2019,37,57.8,70.3
Indore,2019,38,119.9,68.5
Indore,2019,39,110.9,66.7
Indore,2020,22,64.0,66.7
Indore,2020,23,81.5,68.5
Indore,2020,24,110.1,70.3
Indore,2020,25,108.0,72.0
Indore,2020,26,68.9,73.4
Indore,2020,27,121.4,74.7
Indore,2020,28,76.5,75.7
Indore,2020,29,77.1,76.3
Indore,2020,30,102.4,76.7
Indore,2020,31,106.9,76.7
Indore,2020,32,105.4,76.3
Indore,2020,33,66.1,75.7
Indore,2020,34,126.2,74.7
Indore,2020,35,77.4,73.4
Indore,2020,36,65.7,72.0
Indore,2020,37,119.6,70.3
Indore,2020,38,121.3,68.5
Indore,2020,39,111.6,66.7
Indore,2021,22,78.3,66.7
Indore,2021,23,51.7,68.5
Indore,2021,24,73.5,70.3
Indore,2021,25,72.9,72.0
Indore,2021,26,66.9,73.4
Indore,2021,27,99.3,74.7
Indore,2021,28,85.0,75.7
Indore,2021,29,57.2,76.3
Indore,2021,30,67.1,76.7
Indore,2021,31,99.1,76.7
Indore,2021,32,56.9,76.3
Indore,2021,33,109.3,75.7
Indore,2021,34,83.9,74.7
Indore,2021,35,81.5,73.4
Indore,2021,36,87.1,72.0
Indore,2021,37,99.9,70.3
Indore,2021,38,67.9,68.5
Indore,2021,39,85.9,66.7
Indore,2022,22,81.1,66.7
Indore,2022,23,79.2,68.5
Indore,2022,24,74.0,70.3
Indore,2022,25,86.0,72.0
Indore,2022,26,88.7,73.4
Indore,2022,27,81.3,74.7
Indore,2022,28,89.7,75.7
Indore,2022,29,82.5,76.3
Indore,2022,30,81.9,76.7
Indore,2022,31,78.4,76.7
Indore,2022,32,85.6,76.3
Indore,2022,33,51.3,75.7
Indore,2022,34,91.0,74.7
Indore,2022,35,88.9,73.4
Indore,2022,36,41.9,72.0
Indore,2022,37,82.7,70.3
Indore,2022,38,45.0,68.5
Indore,2022,39,54.0,66.7
Indore,2023,22,73.7,66.7
Indore,2023,23,76.4,68.5
Indore,2023,24,62.3,70.3
Indore,2023,25,38.3,72.0
Indore,2023,26,53.6,73.4
Indore,2023,27,71.9,74.7
Indore,2023,28,92.2,75.7
Indore,2023,29,74.3,76.3
Indore,2023,30,54.5,76.7
Indore,2023,31,74.7,76.7
Indore,2023,32,69.3,76.3
Indore,2023,33,81.5,75.7
Indore,2023,34,45.1,74.7
Indore,2023,35,78.2,73.4
Indore,2023,36,65.4,72.0
Indore,2023,37,84.8,70.3
Indore,2023,38,52.7,68.5
Indore,2023,39,64.9,66.7
Indore,2024,22,76.6,66.7
Indore,2024,23,67.1,68.5
Indore,2024,24,39.2,70.3
Indore,2024,25,51.5,72.0
Indore,2024,26,72.9,73.4
Indore,2024,27,41.6,74.7
Indore,2024,28,68.6,75.7
Indore,2024,29,57.0,76.3
Indore,2024,30,71.6,76.7
Indore,2024,31,41.5,76.7
Indore,2024,32,84.3,76.3
Indore,2024,33,88.8,75.7
Indore,2024,34,87.4,74.7
Indore,2024,35,75.0,73.4
Indore,2024,36,43.1,72.0
Indore,2024,37,72.2,70.3
Indore,2024,38,36.2,68.5
Indore,2024,39,35.1,66.7
Bhopal,2005,22,71.8,52.8
Bhopal,2005,23,61.5,54.3
Bhopal,2005,24,54.0,55.7
Bhopal,2005,25,94.4,57.0
Bhopal,2005,26,64.8,58.1
Bhopal,2005,27,67.3,59.1
Bhopal,2005,28,51.9,59.9
Bhopal,2005,29,88.5,60.4
Bhopal,2005,30,83.1,60.7
Bhopal,2005,31,55.9,60.7
Bhopal,2005,32,47.7,60.4
Bhopal,2005,33,81.2,59.9
Bhopal,2005,34,78.7,59.1
Bhopal,2005,35,56.4,58.1
Bhopal,2005,36,91.9,57.0
Bhopal,2005,37,47.6,55.7
Bhopal,2005,38,60.8,54.3
Bhopal,2005,39,84.8,52.8
Bhopal,2006,22,54.3,52.8
Bhopal,2006,23,49.8,54.3
Bhopal,2006,24,86.4,55.7
Bhopal,2006,25,59.1,57.0
Bhopal,2006,26,85.6,58.1
Bhopal,2006,27,51.9,59.1
Bhopal,2006,28,51.6,59.9
Bhopal,2006,29,42.3,60.4
Bhopal,2006,30,76.2,60.7
Bhopal,2006,31,60.8,60.7
Bhopal,2006,32,87.3,60.4
Bhopal,2006,33,65.6,59.9
Bhopal,2006,34,91.0,59.1
Bhopal,2006,35,48.7,58.1
Bhopal,2006,36,82.6,57.0
Bhopal,2006,37,76.1,55.7
Bhopal,2006,38,73.9,54.3
Bhopal,2006,39,75.4,52.8
Bhopal,2007,22,41.4,52.8
Bhopal,2007,23,37.8,54.3
Bhopal,2007,24,82.8,55.7
Bhopal,2007,25,69.3,57.0
Bhopal,2007,26,80.1,58.1
Bhopal,2007,27,64.8,59.1
Bhopal,2007,28,46.3,59.9
Bhopal,2007,29,47.1,60.4
Bhopal,2007,30,77.6,60.7
Bhopal,2007,31,63.8,60.7
Bhopal,2007,32,51.1,60.4
Bhopal,2007,33,66.2,59.9
Bhopal,2007,34,42.9,59.1
Bhopal,2007,35,69.0,58.1
Bhopal,2007,36,51.7,57.0
Bhopal,2007,37,76.7,55.7
Bhopal,2007,38,51.2,54.3
Bhopal,2007,39,56.7,52.8
Bhopal,2008,22,18.1,52.8
Bhopal,2008,23,20.0,54.3
Bhopal,2008,24,22.6,55.7
Bhopal,2008,25,17.8,57.0
Bhopal,2008,26,25.2,58.1
Bhopal,2008,27,28.6,59.1
Bhopal,2008,28,27.5,59.9
Bhopal,2008,29,14.3,60.4
Bhopal,2008,30,22.4,60.7
Bhopal,2008,31,15.6,60.7
Bhopal,2008,32,18.0,60.4
Bhopal,2008,33,31.2,59.9
Bhopal,2008,34,15.8,59.1
Bhopal,2008,35,21.8,58.1
Bhopal,2008,36,23.4,57.0
Bhopal,2008,37,24.3,55.7
Bhopal,2008,38,21.3,54.3
Bhopal,2008,39,12.0,52.8
Bhopal,2009,22,37.5,52.8
Bhopal,2009,23,50.6,54.3
Bhopal,2009,24,36.9,55.7
Bhopal,2009,25,40.0,57.0
Bhopal,2009,26,56.5,58.1
Bhopal,2009,27,44.2,59.1
Bhopal,2009,28,66.8,59.9
Bhopal,2009,29,73.7,60.4
Bhopal,2009,30,79.7,60.7
Bhopal,2009,31,48.8,60.7
Bhopal,2009,32,47.0,60.4
Bhopal,2009,33,43.4,59.9
Bhopal,2009,34,69.4,59.1
Bhopal,2009,35,71.7,58.1
Bhopal,2009,36,37.7,57.0
Bhopal,2009,37,79.5,55.7
Bhopal,2009,38,36.9,54.3
Bhopal,2009,39,57.8,52.8
Bhopal,2010,22,76.4,52.8
Bhopal,2010,23,83.2,54.3
Bhopal,2010,24,59.9,55.7
Bhopal,2010,25,88.1,57.0
Bhopal,2010,26,47.7,58.1
Bhopal,2010,27,96.1,59.1
Bhopal,2010,28,76.8,59.9
Bhopal,2010,29,93.6,60.4
Bhopal,2010,30,72.1,60.7
Bhopal,2010,31,83.6,60.7
Bhopal,2010,32,76.2,60.4
Bhopal,2010,33,87.7,59.9
Bhopal,2010,34,48.6,59.1
Bhopal,2010,35,46.6,58.1
Bhopal,2010,36,56.1,57.0
Bhopal,2010,37,50.0,55.7
Bhopal,2010,38,87.0,54.3
Bhopal,2010,39,50.6,52.8
Bhopal,2011,22,38.1,52.8
Bhopal,2011,23,64.7,54.3
Bhopal,2011,24,60.7,55.7
Bhopal,2011,25,55.1,57.0
Bhopal,2011,26,58.8,58.1
Bhopal,2011,27,67.3,59.1
Bhopal,2011,28,45.4,59.9
Bhopal,2011,29,81.7,60.4
Bhopal,2011,30,81.1,60.7
Bhopal,2011,31,65.8,60.7
Bhopal,2011,32,44.4,60.4
Bhopal,2011,33,66.4,59.9
Bhopal,2011,34,37.7,59.1
Bhopal,2011,35,35.2,58.1
Bhopal,2011,36,44.5,57.0
Bhopal,2011,37,52.3,55.7
Bhopal,2011,38,68.0,54.3
Bhopal,2011,39,60.4,52.8
Bhopal,2012,22,46.9,52.8
Bhopal,2012,23,49.3,54.3
Bhopal,2012,24,78.4,55.7
Bhopal,2012,25,36.5,57.0
Bhopal,2012,26,76.2,58.1
Bhopal,2012,27,63.6,59.1
Bhopal,2012,28,57.7,59.9
Bhopal,2012,29,72.2,60.4
Bhopal,2012,30,60.8,60.7
Bhopal,2012,31,79.8,60.7
Bhopal,2012,32,80.8,60.4
Bhopal,2012,33,56.9,59.9
Bhopal,2012,34,49.2,59.1
Bhopal,2012,35,63.2,58.1
Bhopal,2012,36,76.7,57.0
Bhopal,2012,37,43.3,55.7
Bhopal,2012,38,60.4,54.3
Bhopal,2012,39,59.1,52.8
Bhopal,2013,22,53.6,52.8
Bhopal,2013,23,62.3,54.3
Bhopal,2013,24,35.8,55.7
Bhopal,2013,25,39.0,57.0
Bhopal,2013,26,69.3,58.1
Bhopal,2013,27,38.1,59.1
Bhopal,2013,28,66.6,59.9
Bhopal,2013,29,52.0,60.4
Bhopal,2013,30,41.9,60.7
Bhopal,2013,31,68.1,60.7
Bhopal,2013,32,50.0,60.4
Bhopal,2013,33,52.5,59.9
Bhopal,2013,34,45.4,59.1
Bhopal,2013,35,54.1,58.1
Bhopal,2013,36,36.0,57.0
Bhopal,2013,37,44.0,55.7
Bhopal,2013,38,64.6,54.3
Bhopal,2013,39,36.9,52.8
Bhopal,2014,22,61.9,52.8
Bhopal,2014,23,36.8,54.3
Bhopal,2014,24,73.7,55.7
Bhopal,2014,25,52.8,57.0
Bhopal,2014,26,44.1,58.1
Bhopal,2014,27,37.5,59.1
Bhopal,2014,28,42.4,59.9
Bhopal,2014,29,59.1,60.4
Bhopal,2014,30,50.8,60.7
Bhopal,2014,31,73.8,60.7
Bhopal,2014,32,54.9,60.4
Bhopal,2014,33,46.1,59.9
Bhopal,2014,34,62.2,59.1
Bhopal,2014,35,65.2,58.1
Bhopal,2014,36,40.2,57.0
Bhopal,2014,37,39.3,55.7
Bhopal,2014,38,32.9,54.3
Bhopal,2014,39,60.4,52.8
Bhopal,2015,22,69.8,52.8
Bhopal,2015,23,70.0,54.3
Bhopal,2015,24,61.7,55.7
Bhopal,2015,25,76.5,57.0
Bhopal,2015,26,46.1,58.1
Bhopal,2015,27,42.3,59.1
Bhopal,2015,28,50.7,59.9
Bhopal,2015,29,40.5,60.4
Bhopal,2015,30,64.5,60.7
Bhopal,2015,31,84.9,60.7
Bhopal,2015,32,39.6,60.4
Bhopal,2015,33,43.3,59.9
Bhopal,2015,34,59.0,59.1
Bhopal,2015,35,81.2,58.1
Bhopal,2015,36,50.4,57.0
Bhopal,2015,37,58.1,55.7
Bhopal,2015,38,35.6,54.3
Bhopal,2015,39,39.4,52.8
Bhopal,2016,22,40.9,52.8
Bhopal,2016,23,94.7,54.3
Bhopal,2016,24,79.3,55.7
Bhopal,2016,25,94.6,57.0
Bhopal,2016,26,71.9,58.1
Bhopal,2016,27,76.8,59.1
Bhopal,2016,28,76.1,59.9
Bhopal,2016,29,87.8,60.4
Bhopal,2016,30,55.4,60.7
Bhopal,2016,31,48.6,60.7
Bhopal,2016,32,65.6,60.4
Bhopal,2016,33,89.4,59.9
Bhopal,2016,34,57.7,59.1
Bhopal,2016,35,84.9,58.1
Bhopal,2016,36,100.5,57.0
Bhopal,2016,37,48.2,55.7
Bhopal,2016,38,79.2,54.3
Bhopal,2016,39,64.7,52.8
Bhopal,2017,22,54.1,52.8
Bhopal,2017,23,61.2,54.3
Bhopal,2017,24,67.0,55.7
Bhopal,2017,25,58.0,57.0
Bhopal,2017,26,51.5,58.1
Bhopal,2017,27,57.5,59.1
Bhopal,2017,28,68.9,59.9
Bhopal,2017,29,56.7,60.4
Bhopal,2017,30,33.7,60.7
Bhopal,2017,31,72.5,60.7
Bhopal,2017,32,61.8,60.4
Bhopal,2017,33,60.7,59.9
Bhopal,2017,34,40.6,59.1
Bhopal,2017,35,58.2,58.1
Bhopal,2017,36,46.3,57.0
Bhopal,2017,37,55.4,55.7
Bhopal,2017,38,33.0,54.3
Bhopal,2017,39,52.8,52.8
Bhopal,2018,22,60.1,52.8
Bhopal,2018,23,41.4,54.3
Bhopal,2018,24,59.5,55.7
Bhopal,2018,25,57.6,57.0
Bhopal,2018,26,50.5,58.1
Bhopal,2018,27,58.0,59.1
Bhopal,2018,28,64.3,59.9
Bhopal,2018,29,46.0,60.4
Bhopal,2018,30,43.1,60.7
Bhopal,2018,31,56.7,60.7
Bhopal,2018,32,62.1,60.4
Bhopal,2018,33,59.7,59.9
Bhopal,2018,34,60.3,59.1
Bhopal,2018,35,45.4,58.1
Bhopal,2018,36,58.9,57.0
Bhopal,2018,37,31.9,55.7
Bhopal,2018,38,46.3,54.3
Bhopal,2018,39,26.3,52.8
Bhopal,2019,22,47.6,52.8
Bhopal,2019,23,61.7,54.3
Bhopal,2019,24,49.8,55.7
Bhopal,2019,25,53.7,57.0
Bhopal,2019,26,45.2,58.1
Bhopal,2019,27,52.2,59.1
Bhopal,2019,28,46.0,59.9
Bhopal,2019,29,39.1,60.4
Bhopal,2019,30,64.6,60.7
Bhopal,2019,31,67.7,60.7
Bhopal,2019,32,65.1,60.4
Bhopal,2019,33,57.2,59.9
Bhopal,2019,34,52.5,59.1
Bhopal,2019,35,73.8,58.1
Bhopal,2019,36,56.9,57.0
Bhopal,2019,37,53.8,55.7
Bhopal,2019,38,33.1,54.3
Bhopal,2019,39,45.3,52.8
Bhopal,2020,22,56.2,52.8
Bhopal,2020,23,55.7,54.3
Bhopal,2020,24,60.4,55.7
Bhopal,2020,25,69.0,57.0
Bhopal,2020,26,72.6,58.1
Bhopal,2020,27,69.4,59.1
Bhopal,2020,28,81.7,59.9
Bhopal,2020,29,37.1,60.4
Bhopal,2020,30,45.9,60.7
Bhopal,2020,31,36.8,60.7
Bhopal,2020,32,67.5,60.4
Bhopal,2020,33,78.9,59.9
Bhopal,2020,34,47.0,59.1
Bhopal,2020,35,77.9,58.1
Bhopal,2020,36,36.9,57.0
Bhopal,2020,37,75.0,55.7
Bhopal,2020,38,47.8,54.3
Bhopal,2020,39,35.9,52.8
Bhopal,2021,22,40.6,52.8
Bhopal,2021,23,42.6,54.3
Bhopal,2021,24,64.2,55.7
Bhopal,2021,25,54.5,57.0
Bhopal,2021,26,45.8,58.1
Bhopal,2021,27,59.7,59.1
Bhopal,2021,28,65.2,59.9
Bhopal,2021,29,45.9,60.4
Bhopal,2021,30,52.4,60.7
Bhopal,2021,31,39.3,60.7
Bhopal,2021,32,41.8,60.4
Bhopal,2021,33,63.7,59.9
Bhopal,2021,34,40.9,59.1
Bhopal,2021,35,55.1,58.1
Bhopal,2021,36,61.7,57.0
Bhopal,2021,37,35.4,55.7
Bhopal,2021,38,53.1,54.3
Bhopal,2021,39,39.5,52.8
Bhopal,2022,22,68.5,52.8
Bhopal,2022,23,58.8,54.3
Bhopal,2022,24,36.8,55.7
Bhopal,2022,25,65.7,57.0
Bhopal,2022,26,82.4,58.1
Bhopal,2022,27,66.6,59.1
Bhopal,2022,28,78.3,59.9
Bhopal,2022,29,82.3,60.4
Bhopal,2022,30,49.5,60.7
Bhopal,2022,31,48.7,60.7
Bhopal,2022,32,68.5,60.4
Bhopal,2022,33,57.9,59.9
Bhopal,2022,34,78.3,59.1
Bhopal,2022,35,79.9,58.1
Bhopal,2022,36,52.4,57.0
Bhopal,2022,37,45.8,55.7
Bhopal,2022,38,69.2,54.3
Bhopal,2022,39,45.1,52.8
Bhopal,2023,22,60.6,52.8
Bhopal,2023,23,37.1,54.3
Bhopal,2023,24,61.9,55.7
Bhopal,2023,25,55.4,57.0
Bhopal,2023,26,62.9,58.1
Bhopal,2023,27,43.9,59.1
Bhopal,2023,28,72.1,59.9
Bhopal,2023,29,78.9,60.4
Bhopal,2023,30,47.5,60.7
Bhopal,2023,31,41.5,60.7
Bhopal,2023,32,37.8,60.4
Bhopal,2023,33,67.5,59.9
Bhopal,2023,34,64.9,59.1
Bhopal,2023,35,61.0,58.1
Bhopal,2023,36,45.3,57.0
Bhopal,2023,37,51.4,55.7
Bhopal,2023,38,59.0,54.3
Bhopal,2023,39,53.3,52.8
Bhopal,2024,22,53.0,52.8
Bhopal,2024,23,43.5,54.3
Bhopal,2024,24,45.5,55.7
Bhopal,2024,25,58.1,57.0
Bhopal,2024,26,58.2,58.1
Bhopal,2024,27,71.5,59.1
Bhopal,2024,28,36.5,59.9
Bhopal,2024,29,35.8,60.4
Bhopal,2024,30,62.1,60.7
Bhopal,2024,31,56.0,60.7
Bhopal,2024,32,43.0,60.4
Bhopal,2024,33,34.5,59.9
Bhopal,2024,34,34.3,59.1
Bhopal,2024,35,66.4,58.1
Bhopal,2024,36,37.3,57.0
Bhopal,2024,37,41.5,55.7
Bhopal,2024,38,36.8,54.3
Bhopal,2024,39,40.5,52.8
Nagpur,2005,22,40.1,38.8
Nagpur,2005,23,26.2,39.9
Nagpur,2005,24,35.2,40.9
Nagpur,2005,25,45.5,41.9
Nagpur,2005,26,39.9,42.7
Nagpur,2005,27,37.2,43.5
Nagpur,2005,28,31.6,44.0
Nagpur,2005,29,32.1,44.4
Nagpur,2005,30,42.2,44.6
Nagpur,2005,31,51.9,44.6
Nagpur,2005,32,41.8,44.4
Nagpur,2005,33,38.4,44.0
Nagpur,2005,34,42.9,43.5
Nagpur,2005,35,34.6,42.7
Nagpur,2005,36,22.6,41.9
Nagpur,2005,37,35.8,40.9
Nagpur,2005,38,45.4,39.9
Nagpur,2005,39,24.0,38.8
Nagpur,2006,22,36.0,38.8
Nagpur,2006,23,24.3,39.9
Nagpur,2006,24,35.4,40.9
Nagpur,2006,25,45.4,41.9
Nagpur,2006,26,33.8,42.7
Nagpur,2006,27,44.3,43.5
Nagpur,2006,28,49.0,44.0
Nagpur,2006,29,53.7,44.4
Nagpur,2006,30,31.6,44.6
Nagpur,2006,31,36.9,44.6
Nagpur,2006,32,28.9,44.4
Nagpur,2006,33,55.3,44.0
Nagpur,2006,34,52.5,43.5
Nagpur,2006,35,39.7,42.7
Nagpur,2006,36,48.0,41.9
Nagpur,2006,37,37.5,40.9
Nagpur,2006,38,39.5,39.9
Nagpur,2006,39,23.5,38.8
Nagpur,2007,22,42.3,38.8
Nagpur,2007,23,42.2,39.9
Nagpur,2007,24,41.3,40.9
Nagpur,2007,25,22.8,41.9
Nagpur,2007,26,31.1,42.7
Nagpur,2007,27,30.4,43.5
Nagpur,2007,28,33.8,44.0
Nagpur,2007,29,25.7,44.4
Nagpur,2007,30,52.0,44.6
Nagpur,2007,31,40.2,44.6
Nagpur,2007,32,32.4,44.4
Nagpur,2007,33,34.9,44.0
Nagpur,2007,34,36.0,43.5
Nagpur,2007,35,39.9,42.7
Nagpur,2007,36,36.6,41.9
Nagpur,2007,37,47.2,40.9
Nagpur,2007,38,34.4,39.9
Nagpur,2007,39,46.7,38.8
Nagpur,2008,22,47.2,38.8
Nagpur,2008,23,25.0,39.9
Nagpur,2008,24,46.4,40.9
Nagpur,2008,25,34.3,41.9
Nagpur,2008,26,50.3,42.7
Nagpur,2008,27,50.9,43.5
Nagpur,2008,28,49.6,44.0
Nagpur,2008,29,49.5,44.4
Nagpur,2008,30,34.0,44.6
Nagpur,2008,31,26.8,44.6
Nagpur,2008,32,37.0,44.4
Nagpur,2008,33,29.4,44.0
Nagpur,2008,34,45.4,43.5
Nagpur,2008,35,33.9,42.7
Nagpur,2008,36,52.3,41.9
Nagpur,2008,37,41.2,40.9
Nagpur,2008,38,45.4,39.9
Nagpur,2008,39,24.8,38.8
Nagpur,2009,22,48.5,38.8
Nagpur,2009,23,54.6,39.9
Nagpur,2009,24,62.6,40.9
Nagpur,2009,25,39.1,41.9
Nagpur,2009,26,54.0,42.7
Nagpur,2009,27,50.4,43.5
Nagpur,2009,28,39.8,44.0
Nagpur,2009,29,50.1,44.4
Nagpur,2009,30,36.8,44.6
Nagpur,2009,31,34.9,44.6
Nagpur,2009,32,39.7,44.4
Nagpur,2009,33,76.1,44.0
Nagpur,2009,34,57.0,43.5
Nagpur,2009,35,74.0,42.7
Nagpur,2009,36,50.0,41.9
Nagpur,2009,37,43.8,40.9
Nagpur,2009,38,50.6,39.9
Nagpur,2009,39,46.6,38.8
Nagpur,2010,22,17.2,38.8
Nagpur,2010,23,25.1,39.9
Nagpur,2010,24,26.3,40.9
Nagpur,2010,25,17.4,41.9
Nagpur,2010,26,15.9,42.7
Nagpur,2010,27,30.6,43.5
Nagpur,2010,28,24.5,44.0
Nagpur,2010,29,16.5,44.4
Nagpur,2010,30,35.8,44.6
Nagpur,2010,31,16.6,44.6
Nagpur,2010,32,29.5,44.4
Nagpur,2010,33,35.1,44.0
Nagpur,2010,34,19.8,43.5
Nagpur,2010,35,17.5,42.7
Nagpur,2010,36,16.8,41.9
Nagpur,2010,37,19.8,40.9
Nagpur,2010,38,15.6,39.9
Nagpur,2010,39,25.7,38.8
Nagpur,2011,22,28.7,38.8
Nagpur,2011,23,26.4,39.9
Nagpur,2011,24,23.6,40.9
Nagpur,2011,25,18.7,41.9
Nagpur,2011,26,24.8,42.7
Nagpur,2011,27,23.5,43.5
Nagpur,2011,28,21.9,44.0
Nagpur,2011,29,16.5,44.4
Nagpur,2011,30,30.9,44.6
Nagpur,2011,31,22.6,44.6
Nagpur,2011,32,17.7,44.4
Nagpur,2011,33,20.8,44.0
Nagpur,2011,34,21.4,43.5
Nagpur,2011,35,28.5,42.7
Nagpur,2011,36,26.3,41.9
Nagpur,2011,37,26.3,40.9
Nagpur,2011,38,12.8,39.9
Nagpur,2011,39,19.1,38.8
Nagpur,2012,22,25.4,38.8
Nagpur,2012,23,39.0,39.9
Nagpur,2012,24,23.5,40.9
Nagpur,2012,25,34.9,41.9
Nagpur,2012,26,26.7,42.7
Nagpur,2012,27,21.5,43.5
Nagpur,2012,28,28.3,44.0
Nagpur,2012,29,49.7,44.4
Nagpur,2012,30,44.8,44.6
Nagpur,2012,31,49.4,44.6
Nagpur,2012,32,35.6,44.4
Nagpur,2012,33,24.5,44.0
Nagpur,2012,34,36.5,43.5
Nagpur,2012,35,33.3,42.7
Nagpur,2012,36,43.3,41.9
Nagpur,2012,37,22.5,40.9
Nagpur,2012,38,32.0,39.9
Nagpur,2012,39,22.6,38.8
Nagpur,2013,22,44.5,38.8
Nagpur,2013,23,42.0,39.9
Nagpur,2013,24,43.8,40.9
Nagpur,2013,25,47.4,41.9
Nagpur,2013,26,61.3,42.7
Nagpur,2013,27,66.7,43.5
Nagpur,2013,28,70.2,44.0
Nagpur,2013,29,63.8,44.4
Nagpur,2013,30,44.4,44.6
Nagpur,2013,31,60.0,44.6
Nagpur,2013,32,49.3,44.4
Nagpur,2013,33,41.4,44.0
Nagpur,2013,34,64.6,43.5
Nagpur,2013,35,31.5,42.7
Nagpur,2013,36,64.7,41.9
Nagpur,2013,37,46.4,40.9
Nagpur,2013,38,51.7,39.9
Nagpur,2013,39,51.1,38.8
Nagpur,2014,22,47.4,38.8
Nagpur,2014,23,29.1,39.9
Nagpur,2014,24,46.4,40.9
Nagpur,2014,25,33.7,41.9
Nagpur,2014,26,56.9,42.7
Nagpur,2014,27,49.1,43.5
Nagpur,2014,28,56.3,44.0
Nagpur,2014,29,31.5,44.4
Nagpur,2014,30,33.3,44.6
Nagpur,2014,31,58.5,44.6
Nagpur,2014,32,32.7,44.4
Nagpur,2014,33,32.4,44.0
Nagpur,2014,34,29.6,43.5
Nagpur,2014,35,65.3,42.7
Nagpur,2014,36,55.7,41.9
Nagpur,2014,37,40.4,40.9
Nagpur,2014,38,37.3,39.9
Nagpur,2014,39,38.2,38.8
Nagpur,2015,22,32.8,38.8
Nagpur,2015,23,33.3,39.9
Nagpur,2015,24,31.4,40.9
Nagpur,2015,25,53.4,41.9
Nagpur,2015,26,58.5,42.7
Nagpur,2015,27,39.9,43.5
Nagpur,2015,28,30.7,44.0
Nagpur,2015,29,33.4,44.4
Nagpur,2015,30,69.3,44.6
Nagpur,2015,31,42.2,44.6
Nagpur,2015,32,61.0,44.4
Nagpur,2015,33,54.7,44.0
Nagpur,2015,34,44.5,43.5
Nagpur,2015,35,36.9,42.7
Nagpur,2015,36,33.0,41.9
Nagpur,2015,37,50.5,40.9
Nagpur,2015,38,55.0,39.9
Nagpur,2015,39,48.9,38.8
Nagpur,2016,22,43.8,38.8
Nagpur,2016,23,40.6,39.9
Nagpur,2016,24,28.0,40.9
Nagpur,2016,25,47.6,41.9
Nagpur,2016,26,37.9,42.7
Nagpur,2016,27,38.0,43.5
Nagpur,2016,28,43.3,44.0
Nagpur,2016,29,45.6,44.4
Nagpur,2016,30,41.2,44.6
Nagpur,2016,31,25.7,44.6
Nagpur,2016,32,31.7,44.4
Nagpur,2016,33,48.5,44.0
Nagpur,2016,34,27.8,43.5
Nagpur,2016,35,31.5,42.7
Nagpur,2016,36,32.5,41.9
Nagpur,2016,37,32.0,40.9
Nagpur,2016,38,35.7,39.9
Nagpur,2016,39,43.2,38.8
Nagpur,2017,22,25.3,38.8
Nagpur,2017,23,45.0,39.9
Nagpur,2017,24,39.3,40.9
Nagpur,2017,25,29.9,41.9
Nagpur,2017,26,46.1,42.7
Nagpur,2017,27,48.2,43.5
Nagpur,2017,28,48.4,44.0
Nagpur,2017,29,51.0,44.4
Nagpur,2017,30,30.8,44.6
Nagpur,2017,31,46.2,44.6
Nagpur,2017,32,37.0,44.4
Nagpur,2017,33,48.3,44.0
Nagpur,2017,34,44.3,43.5
Nagpur,2017,35,44.9,42.7
Nagpur,2017,36,40.6,41.9
Nagpur,2017,37,26.1,40.9
Nagpur,2017,38,35.6,39.9
Nagpur,2017,39,46.4,38.8
Nagpur,2018,22,23.3,38.8
Nagpur,2018,23,23.1,39.9
Nagpur,2018,24,39.7,40.9
Nagpur,2018,25,43.2,41.9
Nagpur,2018,26,27.1,42.7
Nagpur,2018,27,35.9,43.5
Nagpur,2018,28,46.0,44.0
Nagpur,2018,29,43.3,44.4
Nagpur,2018,30,37.9,44.6
Nagpur,2018,31,39.3,44.6
Nagpur,2018,32,36.7,44.4
Nagpur,2018,33,30.3,44.0
Nagpur,2018,34,37.6,43.5
Nagpur,2018,35,40.4,42.7
Nagpur,2018,36,44.7,41.9
Nagpur,2018,37,37.3,40.9
Nagpur,2018,38,39.6,39.9
Nagpur,2018,39,23.2,38.8
Nagpur,2019,22,24.9,38.8
Nagpur,2019,23,37.9,39.9
Nagpur,2019,24,45.9,40.9
Nagpur,2019,25,22.9,41.9
Nagpur,2019,26,31.7,42.7
Nagpur,2019,27,43.4,43.5
Nagpur,2019,28,27.0,44.0
Nagpur,2019,29,37.3,44.4
Nagpur,2019,30,42.6,44.6
Nagpur,2019,31,39.2,44.6
Nagpur,2019,32,26.8,44.4
Nagpur,2019,33,31.3,44.0
Nagpur,2019,34,42.9,43.5
Nagpur,2019,35,35.9,42.7
Nagpur,2019,36,20.4,41.9
Nagpur,2019,37,39.8,40.9
Nagpur,2019,38,20.2,39.9
Nagpur,2019,39,37.4,38.8
Nagpur,2020,22,23.8,38.8
Nagpur,2020,23,23.6,39.9
Nagpur,2020,24,20.2,40.9
Nagpur,2020,25,24.2,41.9
Nagpur,2020,26,38.1,42.7
Nagpur,2020,27,41.6,43.5
Nagpur,2020,28,27.0,44.0
Nagpur,2020,29,29.2,44.4
Nagpur,2020,30,36.0,44.6
Nagpur,2020,31,40.0,44.6
Nagpur,2020,32,32.7,44.4
Nagpur,2020,33,27.6,44.0
Nagpur,2020,34,27.7,43.5
Nagpur,2020,35,33.9,42.7
Nagpur,2020,36,17.3,41.9
Nagpur,2020,37,30.7,40.9
Nagpur,2020,38,24.2,39.9
Nagpur,2020,39,32.9,38.8
Nagpur,2021,22,21.2,38.8
Nagpur,2021,23,24.7,39.9
Nagpur,2021,24,14.8,40.9
Nagpur,2021,25,24.8,41.9
Nagpur,2021,26,24.9,42.7
Nagpur,2021,27,25.3,43.5
Nagpur,2021,28,26.5,44.0
Nagpur,2021,29,28.2,44.4
Nagpur,2021,30,30.9,44.6
Nagpur,2021,31,20.2,44.6
Nagpur,2021,32,31.1,44.4
Nagpur,2021,33,24.4,44.0
Nagpur,2021,34,16.0,43.5
Nagpur,2021,35,15.4,42.7
Nagpur,2021,36,20.2,41.9
Nagpur,2021,37,27.9,40.9
Nagpur,2021,38,25.9,39.9
Nagpur,2021,39,26.6,38.8
Nagpur,2022,22,28.4,38.8
Nagpur,2022,23,35.1,39.9
Nagpur,2022,24,39.5,40.9
Nagpur,2022,25,28.7,41.9
Nagpur,2022,26,33.9,42.7
Nagpur,2022,27,47.8,43.5
Nagpur,2022,28,53.4,44.0
Nagpur,2022,29,63.4,44.4
Nagpur,2022,30,61.3,44.6
Nagpur,2022,31,50.7,44.6
Nagpur,2022,32,42.5,44.4
Nagpur,2022,33,49.8,44.0
Nagpur,2022,34,54.5,43.5
Nagpur,2022,35,30.3,42.7
Nagpur,2022,36,39.6,41.9
Nagpur,2022,37,53.1,40.9
Nagpur,2022,38,36.9,39.9
Nagpur,2022,39,41.9,38.8
Nagpur,2023,22,30.8,38.8
Nagpur,2023,23,30.9,39.9
Nagpur,2023,24,22.7,40.9
Nagpur,2023,25,23.1,41.9
Nagpur,2023,26,48.3,42.7
Nagpur,2023,27,31.7,43.5
Nagpur,2023,28,39.9,44.0
Nagpur,2023,29,33.3,44.4
Nagpur,2023,30,53.8,44.6
Nagpur,2023,31,32.1,44.6
Nagpur,2023,32,37.4,44.4
Nagpur,2023,33,51.0,44.0
Nagpur,2023,34,49.4,43.5
Nagpur,2023,35,28.6,42.7
Nagpur,2023,36,46.4,41.9
Nagpur,2023,37,35.3,40.9
Nagpur,2023,38,35.1,39.9
Nagpur,2023,39,24.5,38.8
Nagpur,2024,22,23.4,38.8
Nagpur,2024,23,22.9,39.9
Nagpur,2024,24,29.3,40.9
Nagpur,2024,25,30.7,41.9
Nagpur,2024,26,18.8,42.7
Nagpur,2024,27,28.6,43.5
Nagpur,2024,28,18.9,44.0
Nagpur,2024,29,32.3,44.4
Nagpur,2024,30,30.4,44.6
Nagpur,2024,31,36.8,44.6
Nagpur,2024,32,17.6,44.4
Nagpur,2024,33,17.2,44.0
Nagpur,2024,34,21.7,43.5
Nagpur,2024,35,20.9,42.7
Nagpur,2024,36,20.2,41.9
Nagpur,2024,37,32.8,40.9
Nagpur,2024,38,19.3,39.9
Nagpur,2024,39,19.2,38.8
Jaipur,2005,22,59.5,76.8
Jaipur,2005,23,92.8,78.9
Jaipur,2005,24,60.3,80.9
Jaipur,2005,25,64.0,82.8
Jaipur,2005,26,133.1,84.5
Jaipur,2005,27,72.7,86.0
Jaipur,2005,28,106.2,87.1
Jaipur,2005,29,97.0,87.8
Jaipur,2005,30,92.0,88.2
Jaipur,2005,31,138.4,88.2
Jaipur,2005,32,64.5,87.8
Jaipur,2005,33,117.0,87.1
Jaipur,2005,34,140.0,86.0
Jaipur,2005,35,105.3,84.5
Jaipur,2005,36,132.8,82.8
Jaipur,2005,37,61.7,80.9
Jaipur,2005,38,87.7,78.9
Jaipur,2005,39,73.7,76.8
Jaipur,2006,22,79.8,76.8
Jaipur,2006,23,114.4,78.9
Jaipur,2006,24,79.2,80.9
Jaipur,2006,25,112.5,82.8
Jaipur,2006,26,105.9,84.5
Jaipur,2006,27,152.8,86.0
Jaipur,2006,28,122.1,87.1
Jaipur,2006,29,99.7,87.8
Jaipur,2006,30,78.7,88.2
Jaipur,2006,31,82.1,88.2
Jaipur,2006,32,88.5,87.8
Jaipur,2006,33,90.0,87.1
Jaipur,2006,34,142.1,86.0
Jaipur,2006,35,114.4,84.5
Jaipur,2006,36,108.9,82.8
Jaipur,2006,37,72.3,80.9
Jaipur,2006,38,131.1,78.9
Jaipur,2006,39,116.7,76.8
Jaipur,2007,22,47.5,76.8
Jaipur,2007,23,31.4,78.9
Jaipur,2007,24,46.8,80.9
Jaipur,2007,25,48.9,82.8
Jaipur,2007,26,37.0,84.5
Jaipur,2007,27,69.7,86.0
Jaipur,2007,28,66.6,87.1
Jaipur,2007,29,59.6,87.8
Jaipur,2007,30,51.1,88.2
Jaipur,2007,31,49.0,88.2
Jaipur,2007,32,58.8,87.8
Jaipur,2007,33,53.9,87.1
Jaipur,2007,34,33.4,86.0
Jaipur,2007,35,51.0,84.5
Jaipur,2007,36,61.6,82.8
Jaipur,2007,37,46.8,80.9
Jaipur,2007,38,30.3,78.9
Jaipur,2007,39,56.4,76.8
Jaipur,2008,22,24.7,76.8
Jaipur,2008,23,30.0,78.9
Jaipur,2008,24,43.0,80.9
Jaipur,2008,25,37.1,82.8
Jaipur,2008,26,28.4,84.5
Jaipur,2008,27,49.3,86.0
Jaipur,2008,28,50.0,87.1
Jaipur,2008,29,50.2,87.8
Jaipur,2008,30,30.7,88.2
Jaipur,2008,31,37.4,88.2
Jaipur,2008,32,53.7,87.8
Jaipur,2008,33,46.7,87.1
Jaipur,2008,34,23.5,86.0
Jaipur,2008,35,24.3,84.5
Jaipur,2008,36,35.4,82.8
Jaipur,2008,37,47.3,80.9
Jaipur,2008,38,35.8,78.9
Jaipur,2008,39,33.8,76.8
Jaipur,2009,22,56.0,76.8
Jaipur,2009,23,41.4,78.9
Jaipur,2009,24,57.3,80.9
Jaipur,2009,25,65.9,82.8
Jaipur,2009,26,37.4,84.5
Jaipur,2009,27,50.8,86.0
Jaipur,2009,28,41.9,87.1
Jaipur,2009,29,62.9,87.8
Jaipur,2009,30,54.3,88.2
Jaipur,2009,31,56.7,88.2
Jaipur,2009,32,63.1,87.8
Jaipur,2009,33,46.3,87.1
Jaipur,2009,34,66.4,86.0
Jaipur,2009,35,50.3,84.5
Jaipur,2009,36,34.9,82.8
Jaipur,2009,37,54.3,80.9
Jaipur,2009,38,56.5,78.9
Jaipur,2009,39,38.0,76.8
Jaipur,2010,22,79.0,76.8
Jaipur,2010,23,137.1,78.9
Jaipur,2010,24,72.3,80.9
Jaipur,2010,25,79.0,82.8
Jaipur,2010,26,79.2,84.5
Jaipur,2010,27,141.7,86.0
Jaipur,2010,28,122.6,87.1
Jaipur,2010,29,79.4,87.8
Jaipur,2010,30,105.3,88.2
Jaipur,2010,31,120.8,88.2
Jaipur,2010,32,73.4,87.8
Jaipur,2010,33,142.5,87.1
Jaipur,2010,34,133.9,86.0
Jaipur,2010,35,106.4,84.5
Jaipur,2010,36,142.6,82.8
Jaipur,2010,37,94.7,80.9
Jaipur,2010,38,137.1,78.9
Jaipur,2010,39,109.1,76.8
Jaipur,2011,22,88.5,76.8
Jaipur,2011,23,65.6,78.9
Jaipur,2011,24,52.1,80.9
Jaipur,2011,25,44.6,82.8
Jaipur,2011,26,78.2,84.5
Jaipur,2011,27,77.6,86.0
Jaipur,2011,28,90.4,87.1
Jaipur,2011,29,101.8,87.8
Jaipur,2011,30,51.7,88.2
Jaipur,2011,31,92.3,88.2
Jaipur,2011,32,58.2,87.8
Jaipur,2011,33,98.9,87.1
Jaipur,2011,34,95.3,86.0
Jaipur,2011,35,77.1,84.5
Jaipur,2011,36,85.4,82.8
Jaipur,2011,37,60.8,80.9
Jaipur,2011,38,68.0,78.9
Jaipur,2011,39,85.2,76.8
Jaipur,2012,22,74.8,76.8
Jaipur,2012,23,97.5,78.9
Jaipur,2012,24,68.8,80.9
Jaipur,2012,25,59.9,82.8
Jaipur,2012,26,96.8,84.5
Jaipur,2012,27,106.1,86.0
Jaipur,2012,28,58.0,87.1
Jaipur,2012,29,68.1,87.8
Jaipur,2012,30,61.6,88.2
Jaipur,2012,31,75.9,88.2
Jaipur,2012,32,82.6,87.8
Jaipur,2012,33,102.2,87.1
Jaipur,2012,34,94.3,86.0
Jaipur,2012,35,90.7,84.5
Jaipur,2012,36,71.5,82.8
Jaipur,2012,37,100.9,80.9
Jaipur,2012,38,75.4,78.9
Jaipur,2012,39,103.9,76.8
Jaipur,2013,22,75.6,76.8
Jaipur,2013,23,58.6,78.9
Jaipur,2013,24,80.3,80.9
Jaipur,2013,25,46.9,82.8
Jaipur,2013,26,54.0,84.5
Jaipur,2013,27,95.3,86.0
Jaipur,2013,28,58.8,87.1
Jaipur,2013,29,96.3,87.8
Jaipur,2013,30,62.7,88.2
Jaipur,2013,31,84.9,88.2
Jaipur,2013,32,87.6,87.8
Jaipur,2013,33,75.9,87.1
Jaipur,2013,34,62.6,86.0
Jaipur,2013,35,56.2,84.5
Jaipur,2013,36,44.8,82.8
Jaipur,2013,37,58.9,80.9
Jaipur,2013,38,76.4,78.9
Jaipur,2013,39,89.5,76.8
Jaipur,2014,22,111.8,76.8
Jaipur,2014,23,105.6,78.9
Jaipur,2014,24,77.4,80.9
Jaipur,2014,25,129.9,82.8
Jaipur,2014,26,113.7,84.5
Jaipur,2014,27,106.6,86.0
Jaipur,2014,28,71.0,87.1
Jaipur,2014,29,99.5,87.8
Jaipur,2014,30,101.1,88.2
Jaipur,2014,31,134.8,88.2
Jaipur,2014,32,107.8,87.8
Jaipur,2014,33,93.2,87.1
Jaipur,2014,34,140.5,86.0
Jaipur,2014,35,68.9,84.5
Jaipur,2014,36,91.9,82.8
Jaipur,2014,37,60.7,80.9
Jaipur,2014,38,111.2,78.9
Jaipur,2014,39,121.2,76.8
Jaipur,2015,22,78.7,76.8
Jaipur,2015,23,128.8,78.9
Jaipur,2015,24,119.7,80.9
Jaipur,2015,25,126.6,82.8
Jaipur,2015,26,63.8,84.5
Jaipur,2015,27,144.8,86.0
Jaipur,2015,28,126.4,87.1
Jaipur,2015,29,91.1,87.8
Jaipur,2015,30,137.0,88.2
Jaipur,2015,31,89.5,88.2
Jaipur,2015,32,140.2,87.8
Jaipur,2015,33,73.9,87.1
Jaipur,2015,34,122.9,86.0
Jaipur,2015,35,107.3,84.5
Jaipur,2015,36,68.9,82.8
Jaipur,2015,37,78.9,80.9
Jaipur,2015,38,59.1,78.9
Jaipur,2015,39,92.0,76.8
Jaipur,2016,22,70.7,76.8
Jaipur,2016,23,72.8,78.9
Jaipur,2016,24,106.3,80.9
Jaipur,2016,25,58.1,82.8
Jaipur,2016,26,122.9,84.5
Jaipur,2016,27,121.1,86.0
Jaipur,2016,28,108.6,87.1
Jaipur,2016,29,103.8,87.8
Jaipur,2016,30,127.4,88.2
Jaipur,2016,31,72.6,88.2
Jaipur,2016,32,64.0,87.8
Jaipur,2016,33,75.8,87.1
Jaipur,2016,34,116.7,86.0
Jaipur,2016,35,58.3,84.5
Jaipur,2016,36,97.1,82.8
Jaipur,2016,37,124.2,80.9
Jaipur,2016,38,111.4,78.9
Jaipur,2016,39,85.8,76.8
Jaipur,2017,22,53.1,76.8
Jaipur,2017,23,35.0,78.9
Jaipur,2017,24,35.0,80.9
Jaipur,2017,25,70.5,82.8
Jaipur,2017,26,61.5,84.5
Jaipur,2017,27,69.6,86.0
Jaipur,2017,28,72.7,87.1
Jaipur,2017,29,59.5,87.8
Jaipur,2017,30,57.3,88.2
Jaipur,2017,31,53.4,88.2
Jaipur,2017,32,48.1,87.8
Jaipur,2017,33,52.9,87.1
Jaipur,2017,34,67.2,86.0
Jaipur,2017,35,58.6,84.5
Jaipur,2017,36,69.8,82.8
Jaipur,2017,37,49.5,80.9
Jaipur,2017,38,54.9,78.9
Jaipur,2017,39,54.4,76.8
Jaipur,2018,22,69.8,76.8
Jaipur,2018,23,91.7,78.9
Jaipur,2018,24,63.7,80.9
Jaipur,2018,25,86.6,82.8
Jaipur,2018,26,96.4,84.5
Jaipur,2018,27,111.0,86.0
Jaipur,2018,28,136.4,87.1
Jaipur,2018,29,109.3,87.8
Jaipur,2018,30,121.4,88.2
Jaipur,2018,31,102.1,88.2
Jaipur,2018,32,112.0,87.8
Jaipur,2018,33,65.8,87.1
Jaipur,2018,34,79.5,86.0
Jaipur,2018,35,86.6,84.5
Jaipur,2018,36,93.3,82.8
Jaipur,2018,37,59.3,80.9
Jaipur,2018,38,64.7,78.9
Jaipur,2018,39,72.6,76.8
Jaipur,2019,22,73.1,76.8
Jaipur,2019,23,57.7,78.9
Jaipur,2019,24,85.1,80.9
Jaipur,2019,25,66.0,82.8
Jaipur,2019,26,62.5,84.5
Jaipur,2019,27,84.1,86.0
Jaipur,2019,28,50.8,87.1
Jaipur,2019,29,51.4,87.8
Jaipur,2019,30,66.1,88.2
Jaipur,2019,31,53.6,88.2
Jaipur,2019,32,58.2,87.8
Jaipur,2019,33,73.2,87.1
Jaipur,2019,34,103.1,86.0
Jaipur,2019,35,86.3,84.5
Jaipur,2019,36,80.8,82.8
Jaipur,2019,37,65.2,80.9
Jaipur,2019,38,102.5,78.9
Jaipur,2019,39,68.0,76.8
Jaipur,2020,22,30.0,76.8
Jaipur,2020,23,39.1,78.9
Jaipur,2020,24,46.1,80.9
Jaipur,2020,25,60.9,82.8
Jaipur,2020,26,47.6,84.5
Jaipur,2020,27,56.5,86.0
Jaipur,2020,28,68.7,87.1
Jaipur,2020,29,35.1,87.8
Jaipur,2020,30,40.9,88.2
Jaipur,2020,31,45.7,88.2
Jaipur,2020,32,46.6,87.8
Jaipur,2020,33,45.8,87.1
Jaipur,2020,34,64.5,86.0
Jaipur,2020,35,56.0,84.5
Jaipur,2020,36,50.9,82.8
Jaipur,2020,37,38.8,80.9
Jaipur,2020,38,56.2,78.9
Jaipur,2020,39,59.3,76.8
Jaipur,2021,22,68.2,76.8
Jaipur,2021,23,40.5,78.9
Jaipur,2021,24,52.2,80.9
Jaipur,2021,25,43.0,82.8
Jaipur,2021,26,73.3,84.5
Jaipur,2021,27,79.1,86.0
Jaipur,2021,28,48.2,87.1
Jaipur,2021,29,63.8,87.8
Jaipur,2021,30,68.2,88.2
Jaipur,2021,31,63.3,88.2
Jaipur,2021,32,49.0,87.8
Jaipur,2021,33,65.2,87.1
Jaipur,2021,34,82.7,86.0
Jaipur,2021,35,44.5,84.5
Jaipur,2021,36,44.1,82.8
Jaipur,2021,37,57.3,80.9
Jaipur,2021,38,85.5,78.9
Jaipur,2021,39,69.8,76.8
Jaipur,2022,22,80.9,76.8
Jaipur,2022,23,47.1,78.9
Jaipur,2022,24,88.0,80.9
Jaipur,2022,25,108.1,82.8
Jaipur,2022,26,90.4,84.5
Jaipur,2022,27,109.5,86.0
Jaipur,2022,28,100.7,87.1
Jaipur,2022,29,60.0,87.8
Jaipur,2022,30,114.4,88.2
Jaipur,2022,31,56.5,88.2
Jaipur,2022,32,88.5,87.8
Jaipur,2022,33,61.0,87.1
Jaipur,2022,34,51.4,86.0
Jaipur,2022,35,77.7,84.5
Jaipur,2022,36,67.9,82.8
Jaipur,2022,37,78.5,80.9
Jaipur,2022,38,82.2,78.9
Jaipur,2022,39,47.8,76.8
Jaipur,2023,22,36.6,76.8
Jaipur,2023,23,50.9,78.9
Jaipur,2023,24,49.5,80.9
Jaipur,2023,25,57.7,82.8
Jaipur,2023,26,53.2,84.5
Jaipur,2023,27,44.3,86.0
Jaipur,2023,28,54.1,87.1
Jaipur,2023,29,39.3,87.8
Jaipur,2023,30,40.7,88.2
Jaipur,2023,31,59.3,88.2
Jaipur,2023,32,45.9,87.8
Jaipur,2023,33,58.8,87.1
Jaipur,2023,34,59.0,86.0
Jaipur,2023,35,59.3,84.5
Jaipur,2023,36,60.2,82.8
Jaipur,2023,37,41.7,80.9
Jaipur,2023,38,36.8,78.9
Jaipur,2023,39,44.6,76.8
Jaipur,2024,22,98.4,76.8
Jaipur,2024,23,99.9,78.9
Jaipur,2024,24,80.1,80.9
Jaipur,2024,25,66.9,82.8
Jaipur,2024,26,87.9,84.5
Jaipur,2024,27,67.6,86.0
Jaipur,2024,28,125.7,87.1
Jaipur,2024,29,84.8,87.8
Jaipur,2024,30,70.3,88.2
Jaipur,2024,31,60.2,88.2
Jaipur,2024,32,108.0,87.8
Jaipur,2024,33,106.3,87.1
Jaipur,2024,34,82.5,86.0
Jaipur,2024,35,61.2,84.5
Jaipur,2024,36,84.6,82.8
Jaipur,2024,37,75.6,80.9
Jaipur,2024,38,99.1,78.9
Jaipur,2024,39,91.6,76.8
Patna,2005,22,36.9,55.1
Patna,2005,23,45.3,56.6
Patna,2005,24,28.8,58.0
Patna,2005,25,40.9,59.4
Patna,2005,26,26.2,60.6
Patna,2005,27,43.1,61.6
Patna,2005,28,59.6,62.4
Patna,2005,29,39.8,63.0
Patna,2005,30,27.8,63.3
Patna,2005,31,27.5,63.3
Patna,2005,32,39.9,63.0
Patna,2005,33,31.6,62.4
Patna,2005,34,26.5,61.6
Patna,2005,35,50.8,60.6
Patna,2005,36,40.0,59.4
Patna,2005,37,33.6,58.0
Patna,2005,38,52.0,56.6
Patna,2005,39,26.5,55.1
Patna,2006,22,69.1,55.1
Patna,2006,23,58.6,56.6
Patna,2006,24,70.1,58.0
Patna,2006,25,78.9,59.4
Patna,2006,26,48.2,60.6
Patna,2006,27,80.8,61.6
Patna,2006,28,54.5,62.4
Patna,2006,29,54.8,63.0
Patna,2006,30,52.8,63.3
Patna,2006,31,62.6,63.3
Patna,2006,32,43.6,63.0
Patna,2006,33,62.3,62.4
Patna,2006,34,61.0,61.6
Patna,2006,35,70.2,60.6
Patna,2006,36,72.0,59.4
Patna,2006,37,52.9,58.0
Patna,2006,38,45.6,56.6
Patna,2006,39,42.5,55.1
Patna,2007,22,17.8,55.1
Patna,2007,23,17.1,56.6
Patna,2007,24,29.5,58.0
Patna,2007,25,23.0,59.4
Patna,2007,26,19.7,60.6
Patna,2007,27,24.3,61.6
Patna,2007,28,16.4,62.4
Patna,2007,29,22.3,63.0
Patna,2007,30,25.8,63.3
Patna,2007,31,23.2,63.3
Patna,2007,32,21.5,63.0
Patna,2007,33,32.2,62.4
Patna,2007,34,29.8,61.6
Patna,2007,35,24.7,60.6
Patna,2007,36,23.2,59.4
Patna,2007,37,23.6,58.0
Patna,2007,38,15.9,56.6
Patna,2007,39,18.7,55.1
Patna,2008,22,29.4,55.1
Patna,2008,23,22.9,56.6
Patna,2008,24,41.1,58.0
Patna,2008,25,40.7,59.4
Patna,2008,26,36.9,60.6
Patna,2008,27,32.7,61.6
Patna,2008,28,41.8,62.4
Patna,2008,29,22.9,63.0
Patna,2008,30,40.3,63.3
Patna,2008,31,22.9,63.3
Patna,2008,32,40.2,63.0
Patna,2008,33,26.5,62.4
Patna,2008,34,41.4,61.6
Patna,2008,35,42.4,60.6
Patna,2008,36,22.1,59.4
Patna,2008,37,29.1,58.0
Patna,2008,38,40.5,56.6
Patna,2008,39,28.1,55.1
Patna,2009,22,54.2,55.1
Patna,2009,23,51.3,56.6
Patna,2009,24,48.4,58.0
Patna,2009,25,78.6,59.4
Patna,2009,26,60.3,60.6
Patna,2009,27,68.1,61.6
Patna,2009,28,67.9,62.4
Patna,2009,29,73.2,63.0
Patna,2009,30,89.5,63.3
Patna,2009,31,95.9,63.3
Patna,2009,32,63.8,63.0
Patna,2009,33,86.2,62.4
Patna,2009,34,81.7,61.6
Patna,2009,35,70.2,60.6
Patna,2009,36,88.7,59.4
Patna,2009,37,48.3,58.0
Patna,2009,38,42.6,56.6
Patna,2009,39,77.3,55.1
Patna,2010,22,88.5,55.1
Patna,2010,23,45.0,56.6
Patna,2010,24,92.8,58.0
Patna,2010,25,69.7,59.4
Patna,2010,26,74.8,60.6
Patna,2010,27,83.1,61.6
Patna,2010,28,102.5,62.4
Patna,2010,29,47.4,63.0
Patna,2010,30,76.0,63.3
Patna,2010,31,89.0,63.3
Patna,2010,32,90.8,63.0
Patna,2010,33,88.2,62.4
Patna,2010,34,53.4,61.6
Patna,2010,35,62.3,60.6
Patna,2010,36,64.5,59.4
Patna,2010,37,88.3,58.0
Patna,2010,38,57.0,56.6
Patna,2010,39,51.8,55.1
Patna,2011,22,61.9,55.1
Patna,2011,23,51.9,56.6
Patna,2011,24,59.0,58.0
Patna,2011,25,39.9,59.4
Patna,2011,26,29.8,60.6
Patna,2011,27,59.0,61.6
Patna,2011,28,63.7,62.4
Patna,2011,29,60.4,63.0
Patna,2011,30,36.4,63.3
Patna,2011,31,61.2,63.3
Patna,2011,32,61.6,63.0
Patna,2011,33,56.6,62.4
Patna,2011,34,60.1,61.6
Patna,2011,35,62.3,60.6
Patna,2011,36,52.1,59.4
Patna,2011,37,31.3,58.0
Patna,2011,38,45.1,56.6
Patna,2011,39,29.3,55.1
Patna,2012,22,36.1,55.1
Patna,2012,23,49.9,56.6
Patna,2012,24,40.1,58.0
Patna,2012,25,74.3,59.4
Patna,2012,26,82.6,60.6
Patna,2012,27,40.7,61.6
Patna,2012,28,85.5,62.4
Patna,2012,29,64.4,63.0
Patna,2012,30,53.3,63.3
Patna,2012,31,42.0,63.3
Patna,2012,32,63.3,63.0
Patna,2012,33,77.4,62.4
Patna,2012,34,72.1,61.6
Patna,2012,35,38.9,60.6
Patna,2012,36,39.2,59.4
Patna,2012,37,53.7,58.0
Patna,2012,38,47.5,56.6
Patna,2012,39,43.4,55.1
Patna,2013,22,88.9,55.1
Patna,2013,23,62.8,56.6
Patna,2013,24,92.4,58.0
Patna,2013,25,61.2,59.4
Patna,2013,26,71.5,60.6
Patna,2013,27,57.8,61.6
Patna,2013,28,83.5,62.4
Patna,2013,29,104.7,63.0
Patna,2013,30,82.3,63.3
Patna,2013,31,67.4,63.3
Patna,2013,32,84.7,63.0
Patna,2013,33,52.4,62.4
Patna,2013,34,97.1,61.6
Patna,2013,35,73.0,60.6
Patna,2013,36,68.5,59.4
Patna,2013,37,74.5,58.0
Patna,2013,38,74.8,56.6
Patna,2013,39,43.5,55.1
Patna,2014,22,59.4,55.1
Patna,2014,23,65.5,56.6
Patna,2014,24,66.4,58.0
Patna,2014,25,57.0,59.4
Patna,2014,26,56.7,60.6
Patna,2014,27,40.6,61.6
Patna,2014,28,70.2,62.4
Patna,2014,29,47.4,63.0
Patna,2014,30,58.1,63.3
Patna,2014,31,48.2,63.3
Patna,2014,32,41.0,63.0
Patna,2014,33,63.5,62.4
Patna,2014,34,36.5,61.6
Patna,2014,35,66.9,60.6
Patna,2014,36,46.7,59.4
Patna,2014,37,32.1,58.0
Patna,2014,38,52.6,56.6
Patna,2014,39,32.3,55.1
Patna,2015,22,41.3,55.1
Patna,2015,23,83.0,56.6
Patna,2015,24,40.4,58.0
Patna,2015,25,54.6,59.4
Patna,2015,26,83.4,60.6
Patna,2015,27,60.7,61.6
Patna,2015,28,49.1,62.4
Patna,2015,29,64.5,63.0
Patna,2015,30,59.6,63.3
Patna,2015,31,93.0,63.3
Patna,2015,32,61.8,63.0
Patna,2015,33,88.7,62.4
Patna,2015,34,93.4,61.6
Patna,2015,35,66.2,60.6
Patna,2015,36,91.0,59.4
Patna,2015,37,60.4,58.0
Patna,2015,38,89.5,56.6
Patna,2015,39,42.6,55.1
Patna,2016,22,52.5,55.1
Patna,2016,23,65.5,56.6
Patna,2016,24,70.7,58.0
Patna,2016,25,37.5,59.4
Patna,2016,26,46.6,60.6
Patna,2016,27,75.5,61.6
Patna,2016,28,74.1,62.4
Patna,2016,29,90.5,63.0
Patna,2016,30,80.1,63.3
Patna,2016,31,90.1,63.3
Patna,2016,32,76.6,63.0
Patna,2016,33,54.8,62.4
Patna,2016,34,44.2,61.6
Patna,2016,35,77.8,60.6
Patna,2016,36,69.4,59.4
Patna,2016,37,38.8,58.0
Patna,2016,38,52.6,56.6
Patna,2016,39,78.7,55.1
Patna,2017,22,54.1,55.1
Patna,2017,23,44.1,56.6
Patna,2017,24,52.8,58.0
Patna,2017,25,54.1,59.4
Patna,2017,26,39.5,60.6
Patna,2017,27,76.1,61.6
Patna,2017,28,59.2,62.4
Patna,2017,29,80.5,63.0
Patna,2017,30,82.3,63.3
Patna,2017,31,49.5,63.3
Patna,2017,32,72.1,63.0
Patna,2017,33,62.1,62.4
Patna,2017,34,81.7,61.6
Patna,2017,35,47.6,60.6
Patna,2017,36,69.0,59.4
Patna,2017,37,64.1,58.0
Patna,2017,38,48.1,56.6
Patna,2017,39,39.7,55.1
Patna,2018,22,54.9,55.1
Patna,2018,23,73.8,56.6
Patna,2018,24,62.2,58.0
Patna,2018,25,81.3,59.4
Patna,2018,26,53.8,60.6
Patna,2018,27,94.6,61.6
Patna,2018,28,60.6,62.4
Patna,2018,29,65.9,63.0
Patna,2018,30,47.8,63.3
Patna,2018,31,51.0,63.3
Patna,2018,32,74.6,63.0
Patna,2018,33,59.4,62.4
Patna,2018,34,91.4,61.6
Patna,2018,35,43.4,60.6
Patna,2018,36,62.7,59.4
Patna,2018,37,59.0,58.0
Patna,2018,38,40.7,56.6
Patna,2018,39,45.0,55.1
Patna,2019,22,53.2,55.1
Patna,2019,23,60.7,56.6
Patna,2019,24,65.4,58.0
Patna,2019,25,37.8,59.4
Patna,2019,26,61.6,60.6
Patna,2019,27,88.4,61.6
Patna,2019,28,66.3,62.4
Patna,2019,29,75.3,63.0
Patna,2019,30,56.2,63.3
Patna,2019,31,80.7,63.3
Patna,2019,32,80.3,63.0
Patna,2019,33,66.5,62.4
Patna,2019,34,89.1,61.6
Patna,2019,35,44.4,60.6
Patna,2019,36,38.1,59.4
Patna,2019,37,73.9,58.0
Patna,2019,38,73.7,56.6
Patna,2019,39,40.1,55.1
Patna,2020,22,37.2,55.1
Patna,2020,23,55.8,56.6
Patna,2020,24,47.6,58.0
Patna,2020,25,42.2,59.4
Patna,2020,26,44.0,60.6
Patna,2020,27,30.0,61.6
Patna,2020,28,42.4,62.4
Patna,2020,29,56.9,63.0
Patna,2020,30,70.6,63.3
Patna,2020,31,65.4,63.3
Patna,2020,32,31.5,63.0
Patna,2020,33,66.6,62.4
Patna,2020,34,61.2,61.6
Patna,2020,35,60.0,60.6
Patna,2020,36,46.4,59.4
Patna,2020,37,43.1,58.0
Patna,2020,38,38.5,56.6
Patna,2020,39,29.1,55.1
Patna,2021,22,50.2,55.1
Patna,2021,23,62.6,56.6
Patna,2021,24,52.5,58.0
Patna,2021,25,35.4,59.4
Patna,2021,26,76.5,60.6
Patna,2021,27,77.1,61.6
Patna,2021,28,70.8,62.4
Patna,2021,29,81.0,63.0
Patna,2021,30,60.5,63.3
Patna,2021,31,80.1,63.3
Patna,2021,32,38.4,63.0
Patna,2021,33,51.5,62.4
Patna,2021,34,44.4,61.6
Patna,2021,35,42.3,60.6
Patna,2021,36,39.1,59.4
Patna,2021,37,58.8,58.0
Patna,2021,38,64.0,56.6
Patna,2021,39,54.0,55.1
Patna,2022,22,38.7,55.1
Patna,2022,23,32.7,56.6
Patna,2022,24,41.9,58.0
Patna,2022,25,30.4,59.4
Patna,2022,26,33.7,60.6
Patna,2022,27,52.1,61.6
Patna,2022,28,32.9,62.4
Patna,2022,29,39.0,63.0
Patna,2022,30,52.6,63.3
Patna,2022,31,46.8,63.3
Patna,2022,32,25.9,63.0
Patna,2022,33,28.4,62.4
Patna,2022,34,23.7,61.6
Patna,2022,35,42.4,60.6
Patna,2022,36,36.1,59.4
Patna,2022,37,26.0,58.0
Patna,2022,38,49.0,56.6
Patna,2022,39,35.7,55.1
Patna,2023,22,66.1,55.1
Patna,2023,23,39.3,56.6
Patna,2023,24,50.0,58.0
Patna,2023,25,77.7,59.4
Patna,2023,26,61.6,60.6
Patna,2023,27,67.2,61.6
Patna,2023,28,62.1,62.4
Patna,2023,29,42.0,63.0
Patna,2023,30,48.7,63.3
Patna,2023,31,63.6,63.3
Patna,2023,32,50.8,63.0
Patna,2023,33,42.0,62.4
Patna,2023,34,82.5,61.6
Patna,2023,35,88.2,60.6
Patna,2023,36,77.0,59.4
Patna,2023,37,78.2,58.0
Patna,2023,38,47.2,56.6
Patna,2023,39,79.1,55.1
Patna,2024,22,52.5,55.1
Patna,2024,23,45.2,56.6
Patna,2024,24,54.9,58.0
Patna,2024,25,42.8,59.4
Patna,2024,26,33.4,60.6
Patna,2024,27,40.0,61.6
Patna,2024,28,45.8,62.4
Patna,2024,29,28.3,63.0
Patna,2024,30,47.4,63.3
Patna,2024,31,59.9,63.3
Patna,2024,32,32.4,63.0
Patna,2024,33,52.6,62.4
Patna,2024,34,55.8,61.6
Patna,2024,35,56.1,60.6
Patna,2024,36,55.5,59.4
Patna,2024,37,40.3,58.0
Patna,2024,38,53.4,56.6
Patna,2024,39,45.3,55.1
Varanasi,2005,22,40.6,43.9
Varanasi,2005,23,58.2,45.1
Varanasi,2005,24,60.8,46.3
Varanasi,2005,25,40.1,47.4
Varanasi,2005,26,58.9,48.3
Varanasi,2005,27,69.3,49.1
Varanasi,2005,28,57.7,49.8
Varanasi,2005,29,35.5,50.2
Varanasi,2005,30,35.5,50.4
Varanasi,2005,31,51.8,50.4
Varanasi,2005,32,78.1,50.2
Varanasi,2005,33,45.2,49.8
Varanasi,2005,34,63.1,49.1
Varanasi,2005,35,43.6,48.3
Varanasi,2005,36,47.1,47.4
Varanasi,2005,37,68.6,46.3
Varanasi,2005,38,61.9,45.1
Varanasi,2005,39,34.4,43.9
Varanasi,2006,22,35.2,43.9
Varanasi,2006,23,41.5,45.1
Varanasi,2006,24,26.2,46.3
Varanasi,2006,25,32.1,47.4
Varanasi,2006,26,36.1,48.3
Varanasi,2006,27,53.5,49.1
Varanasi,2006,28,56.6,49.8
Varanasi,2006,29,26.0,50.2
Varanasi,2006,30,49.7,50.4
Varanasi,2006,31,36.9,50.4
Varanasi,2006,32,37.4,50.2
Varanasi,2006,33,48.8,49.8
Varanasi,2006,34,53.4,49.1
Varanasi,2006,35,53.6,48.3
Varanasi,2006,36,41.0,47.4
Varanasi,2006,37,33.4,46.3
Varanasi,2006,38,45.2,45.1
Varanasi,2006,39,28.6,43.9
Varanasi,2007,22,48.4,43.9
Varanasi,2007,23,35.0,45.1
Varanasi,2007,24,34.1,46.3
Varanasi,2007,25,61.9,47.4
Varanasi,2007,26,32.3,48.3
Varanasi,2007,27,48.4,49.1
Varanasi,2007,28,37.9,49.8
Varanasi,2007,29,31.0,50.2
Varanasi,2007,30,31.1,50.4
Varanasi,2007,31,36.6,50.4
Varanasi,2007,32,63.6,50.2
Varanasi,2007,33,40.3,49.8
Varanasi,2007,34,65.5,49.1
Varanasi,2007,35,50.4,48.3
Varanasi,2007,36,44.0,47.4
Varanasi,2007,37,48.2,46.3
Varanasi,2007,38,44.8,45.1
Varanasi,2007,39,51.9,43.9
Varanasi,2008,22,56.4,43.9
Varanasi,2008,23,59.8,45.1
Varanasi,2008,24,59.4,46.3
Varanasi,2008,25,43.3,47.4
Varanasi,2008,26,57.8,48.3
Varanasi,2008,27,47.1,49.1
Varanasi,2008,28,48.5,49.8
Varanasi,2008,29,37.5,50.2
Varanasi,2008,30,52.9,50.4
Varanasi,2008,31,36.9,50.4
Varanasi,2008,32,42.4,50.2
Varanasi,2008,33,62.4,49.8
Varanasi,2008,34,36.7,49.1
Varanasi,2008,35,31.0,48.3
Varanasi,2008,36,30.3,47.4
Varanasi,2008,37,61.1,46.3
Varanasi,2008,38,44.3,45.1
Varanasi,2008,39,39.8,43.9
Varanasi,2009,22,46.3,43.9
Varanasi,2009,23,63.4,45.1
Varanasi,2009,24,68.6,46.3
Varanasi,2009,25,64.8,47.4
Varanasi,2009,26,42.5,48.3
Varanasi,2009,27,77.9,49.1
Varanasi,2009,28,62.5,49.8
Varanasi,2009,29,50.5,50.2
Varanasi,2009,30,57.8,50.4
Varanasi,2009,31,38.7,50.4
Varanasi,2009,32,43.0,50.2
Varanasi,2009,33,73.5,49.8
Varanasi,2009,34,35.9,49.1
Varanasi,2009,35,54.9,48.3
Varanasi,2009,36,58.7,47.4
Varanasi,2009,37,36.3,46.3
Varanasi,2009,38,75.7,45.1
Varanasi,2009,39,41.7,43.9
Varanasi,2010,22,32.8,43.9
Varanasi,2010,23,25.8,45.1
Varanasi,2010,24,52.1,46.3
Varanasi,2010,25,61.9,47.4
Varanasi,2010,26,35.9,48.3
Varanasi,2010,27,52.9,49.1
Varanasi,2010,28,56.6,49.8
Varanasi,2010,29,61.1,50.2
Varanasi,2010,30,45.1,50.4
Varanasi,2010,31,40.5,50.4
Varanasi,2010,32,41.1,50.2
Varanasi,2010,33,55.5,49.8
Varanasi,2010,34,58.6,49.1
Varanasi,2010,35,34.3,48.3
Varanasi,2010,36,40.4,47.4
Varanasi,2010,37,58.2,46.3
Varanasi,2010,38,53.5,45.1
Varanasi,2010,39,58.0,43.9
Varanasi,2011,22,46.9,43.9
Varanasi,2011,23,50.7,45.1
Varanasi,2011,24,30.6,46.3
Varanasi,2011,25,48.9,47.4
Varanasi,2011,26,56.2,48.3
Varanasi,2011,27,35.9,49.1
Varanasi,2011,28,60.8,49.8
Varanasi,2011,29,53.4,50.2
Varanasi,2011,30,68.5,50.4
Varanasi,2011,31,31.9,50.4
Varanasi,2011,32,40.7,50.2
Varanasi,2011,33,53.6,49.8
Varanasi,2011,34,41.0,49.1
Varanasi,2011,35,56.4,48.3
Varanasi,2011,36,57.0,47.4
Varanasi,2011,37,31.4,46.3
Varanasi,2011,38,45.4,45.1
Varanasi,2011,39,44.1,43.9
Varanasi,2012,22,70.2,43.9
Varanasi,2012,23,66.1,45.1
Varanasi,2012,24,68.6,46.3
Varanasi,2012,25,58.1,47.4
Varanasi,2012,26,81.8,48.3
Varanasi,2012,27,71.9,49.1
Varanasi,2012,28,74.6,49.8
Varanasi,2012,29,82.0,50.2
Varanasi,2012,30,52.3,50.4
Varanasi,2012,31,79.6,50.4
Varanasi,2012,32,48.1,50.2
Varanasi,2012,33,55.3,49.8
Varanasi,2012,34,54.1,49.1
Varanasi,2012,35,84.6,48.3
Varanasi,2012,36,77.1,47.4
Varanasi,2012,37,68.0,46.3
Varanasi,2012,38,67.5,45.1
Varanasi,2012,39,58.3,43.9
Varanasi,2013,22,41.6,43.9
Varanasi,2013,23,34.5,45.1
Varanasi,2013,24,59.6,46.3
Varanasi,2013,25,58.9,47.4
Varanasi,2013,26,46.0,48.3
Varanasi,2013,27,31.9,49.1
Varanasi,2013,28,66.3,49.8
Varanasi,2013,29,32.1,50.2
Varanasi,2013,30,61.5,50.4
Varanasi,2013,31,72.8,50.4
Varanasi,2013,32,50.0,50.2
Varanasi,2013,33,41.1,49.8
Varanasi,2013,34,60.0,49.1
Varanasi,2013,35,63.5,48.3
Varanasi,2013,36,51.5,47.4
Varanasi,2013,37,66.6,46.3
Varanasi,2013,38,30.3,45.1
Varanasi,2013,39,46.2,43.9
Varanasi,2014,22,40.2,43.9
Varanasi,2014,23,68.9,45.1
Varanasi,2014,24,59.4,46.3
Varanasi,2014,25,53.5,47.4
Varanasi,2014,26,42.0,48.3
Varanasi,2014,27,78.2,49.1
Varanasi,2014,28,44.5,49.8
Varanasi,2014,29,52.4,50.2
Varanasi,2014,30,51.7,50.4
Varanasi,2014,31,80.6,50.4
Varanasi,2014,32,70.4,50.2
Varanasi,2014,33,75.9,49.8
Varanasi,2014,34,48.4,49.1
Varanasi,2014,35,65.5,48.3
Varanasi,2014,36,61.7,47.4
Varanasi,2014,37,72.1,46.3
Varanasi,2014,38,73.6,45.1
Varanasi,2014,39,33.0,43.9
Varanasi,2015,22,37.7,43.9
Varanasi,2015,23,30.9,45.1
Varanasi,2015,24,32.3,46.3
Varanasi,2015,25,34.5,47.4
Varanasi,2015,26,43.8,48.3
Varanasi,2015,27,35.2,49.1
Varanasi,2015,28,48.8,49.8
Varanasi,2015,29,38.3,50.2
Varanasi,2015,30,27.3,50.4
Varanasi,2015,31,51.1,50.4
Varanasi,2015,32,34.4,50.2
Varanasi,2015,33,38.9,49.8
Varanasi,2015,34,46.6,49.1
Varanasi,2015,35,34.6,48.3
Varanasi,2015,36,25.2,47.4
Varanasi,2015,37,34.4,46.3
Varanasi,2015,38,50.5,45.1
Varanasi,2015,39,40.4,43.9
Varanasi,2016,22,37.2,43.9
Varanasi,2016,23,47.1,45.1
Varanasi,2016,24,62.0,46.3
Varanasi,2016,25,36.0,47.4
Varanasi,2016,26,44.4,48.3
Varanasi,2016,27,45.0,49.1
Varanasi,2016,28,52.5,49.8
Varanasi,2016,29,77.6,50.2
Varanasi,2016,30,36.8,50.4
Varanasi,2016,31,57.1,50.4
Varanasi,2016,32,41.7,50.2
Varanasi,2016,33,76.5,49.8
Varanasi,2016,34,37.9,49.1
Varanasi,2016,35,49.8,48.3
Varanasi,2016,36,62.9,47.4
Varanasi,2016,37,60.1,46.3
Varanasi,2016,38,47.2,45.1
Varanasi,2016,39,43.0,43.9
Varanasi,2017,22,31.3,43.9
Varanasi,2017,23,41.5,45.1
Varanasi,2017,24,35.1,46.3
Varanasi,2017,25,36.6,47.4
Varanasi,2017,26,50.7,48.3
Varanasi,2017,27,63.0,49.1
Varanasi,2017,28,50.3,49.8
Varanasi,2017,29,31.0,50.2
Varanasi,2017,30,31.1,50.4
Varanasi,2017,31,64.0,50.4
Varanasi,2017,32,39.2,50.2
Varanasi,2017,33,31.3,49.8
Varanasi,2017,34,49.4,49.1
Varanasi,2017,35,49.5,48.3
Varanasi,2017,36,49.4,47.4
Varanasi,2017,37,35.1,46.3
Varanasi,2017,38,25.7,45.1
Varanasi,2017,39,56.1,43.9
Varanasi,2018,22,58.2,43.9
Varanasi,2018,23,55.8,45.1
Varanasi,2018,24,44.8,46.3
Varanasi,2018,25,44.0,47.4
Varanasi,2018,26,59.3,48.3
Varanasi,2018,27,72.3,49.1
Varanasi,2018,28,76.9,49.8
Varanasi,2018,29,39.1,50.2
Varanasi,2018,30,41.6,50.4
Varanasi,2018,31,77.8,50.4
Varanasi,2018,32,68.0,50.2
Varanasi,2018,33,74.0,49.8
Varanasi,2018,34,42.6,49.1
Varanasi,2018,35,58.9,48.3
Varanasi,2018,36,62.6,47.4
Varanasi,2018,37,60.2,46.3
Varanasi,2018,38,47.6,45.1
Varanasi,2018,39,30.6,43.9
Varanasi,2019,22,39.0,43.9
Varanasi,2019,23,57.1,45.1
Varanasi,2019,24,39.4,46.3
Varanasi,2019,25,55.8,47.4
Varanasi,2019,26,33.6,48.3
Varanasi,2019,27,51.8,49.1
Varanasi,2019,28,63.7,49.8
Varanasi,2019,29,31.7,50.2
Varanasi,2019,30,28.4,50.4
Varanasi,2019,31,44.3,50.4
Varanasi,2019,32,31.4,50.2
Varanasi,2019,33,55.3,49.8
Varanasi,2019,34,60.6,49.1
Varanasi,2019,35,42.4,48.3
Varanasi,2019,36,35.4,47.4
Varanasi,2019,37,40.6,46.3
Varanasi,2019,38,49.3,45.1
Varanasi,2019,39,24.7,43.9
Varanasi,2020,22,53.9,43.9
Varanasi,2020,23,39.6,45.1
Varanasi,2020,24,60.0,46.3
Varanasi,2020,25,35.3,47.4
Varanasi,2020,26,40.6,48.3
Varanasi,2020,27,70.8,49.1
Varanasi,2020,28,65.6,49.8
Varanasi,2020,29,34.0,50.2
Varanasi,2020,30,44.6,50.4
Varanasi,2020,31,43.1,50.4
Varanasi,2020,32,45.4,50.2
Varanasi,2020,33,44.0,49.8
Varanasi,2020,34,35.4,49.1
Varanasi,2020,35,51.7,48.3
Varanasi,2020,36,62.2,47.4
Varanasi,2020,37,55.6,46.3
Varanasi,2020,38,56.8,45.1
Varanasi,2020,39,32.3,43.9
Varanasi,2021,22,66.6,43.9
Varanasi,2021,23,69.2,45.1
Varanasi,2021,24,75.9,46.3
Varanasi,2021,25,59.8,47.4
Varanasi,2021,26,44.8,48.3
Varanasi,2021,27,65.5,49.1
Varanasi,2021,28,72.5,49.8
Varanasi,2021,29,72.9,50.2
Varanasi,2021,30,62.6,50.4
Varanasi,2021,31,40.3,50.4
Varanasi,2021,32,54.9,50.2
Varanasi,2021,33,81.1,49.8
Varanasi,2021,34,64.0,49.1
Varanasi,2021,35,60.7,48.3
Varanasi,2021,36,47.1,47.4
Varanasi,2021,37,50.5,46.3
Varanasi,2021,38,72.4,45.1
Varanasi,2021,39,60.6,43.9
Varanasi,2022,22,49.8,43.9
Varanasi,2022,23,37.0,45.1
Varanasi,2022,24,55.3,46.3
Varanasi,2022,25,45.8,47.4
Varanasi,2022,26,47.4,48.3
Varanasi,2022,27,56.5,49.1
Varanasi,2022,28,69.0,49.8
Varanasi,2022,29,33.6,50.2
Varanasi,2022,30,65.3,50.4
Varanasi,2022,31,43.2,50.4
Varanasi,2022,32,49.3,50.2
Varanasi,2022,33,31.6,49.8
Varanasi,2022,34,42.4,49.1
Varanasi,2022,35,49.7,48.3
Varanasi,2022,36,31.4,47.4
Varanasi,2022,37,47.2,46.3
Varanasi,2022,38,62.2,45.1
Varanasi,2022,39,30.9,43.9
Varanasi,2023,22,49.6,43.9
Varanasi,2023,23,36.6,45.1
Varanasi,2023,24,33.8,46.3
Varanasi,2023,25,34.7,47.4
Varanasi,2023,26,31.9,48.3
Varanasi,2023,27,37.0,49.1
Varanasi,2023,28,56.6,49.8
Varanasi,2023,29,65.9,50.2
Varanasi,2023,30,63.4,50.4
Varanasi,2023,31,58.2,50.4
Varanasi,2023,32,34.7,50.2
Varanasi,2023,33,41.6,49.8
Varanasi,2023,34,41.9,49.1
Varanasi,2023,35,38.8,48.3
Varanasi,2023,36,48.2,47.4
Varanasi,2023,37,47.8,46.3
Varanasi,2023,38,40.1,45.1
Varanasi,2023,39,38.9,43.9
Varanasi,2024,22,44.4,43.9
Varanasi,2024,23,71.7,45.1
Varanasi,2024,24,75.3,46.3
Varanasi,2024,25,48.7,47.4
Varanasi,2024,26,51.0,48.3
Varanasi,2024,27,59.0,49.1
Varanasi,2024,28,80.5,49.8
Varanasi,2024,29,78.1,50.2
Varanasi,2024,30,41.1,50.4
Varanasi,2024,31,55.1,50.4
Varanasi,2024,32,62.6,50.2
Varanasi,2024,33,59.6,49.8
Varanasi,2024,34,44.3,49.1
Varanasi,2024,35,74.3,48.3
Varanasi,2024,36,64.6,47.4
Varanasi,2024,37,70.2,46.3
Varanasi,2024,38,69.3,45.1
Varanasi,2024,39,62.9,43.9
Ludhiana,2005,22,59.3,59.2
Ludhiana,2005,23,39.8,60.8
Ludhiana,2005,24,63.4,62.4
Ludhiana,2005,25,44.0,63.8
Ludhiana,2005,26,39.8,65.1
Ludhiana,2005,27,42.7,66.2
Ludhiana,2005,28,35.5,67.1
Ludhiana,2005,29,70.0,67.7
Ludhiana,2005,30,71.0,68.0
Ludhiana,2005,31,60.6,68.0
Ludhiana,2005,32,43.4,67.7
Ludhiana,2005,33,39.4,67.1
Ludhiana,2005,34,35.9,66.2
Ludhiana,2005,35,42.0,65.1
Ludhiana,2005,36,73.7,63.8
Ludhiana,2005,37,43.5,62.4
Ludhiana,2005,38,47.3,60.8
Ludhiana,2005,39,35.6,59.2
Ludhiana,2006,22,68.1,59.2
Ludhiana,2006,23,51.3,60.8
Ludhiana,2006,24,42.7,62.4
Ludhiana,2006,25,61.7,63.8
Ludhiana,2006,26,54.3,65.1
Ludhiana,2006,27,54.4,66.2
Ludhiana,2006,28,97.3,67.1
Ludhiana,2006,29,78.4,67.7
Ludhiana,2006,30,75.3,68.0
Ludhiana,2006,31,67.2,68.0
Ludhiana,2006,32,67.6,67.7
Ludhiana,2006,33,73.4,67.1
Ludhiana,2006,34,81.2,66.2
Ludhiana,2006,35,80.2,65.1
Ludhiana,2006,36,49.9,63.8
Ludhiana,2006,37,66.1,62.4
Ludhiana,2006,38,59.9,60.8
Ludhiana,2006,39,81.3,59.2
Ludhiana,2007,22,43.7,59.2
Ludhiana,2007,23,70.3,60.8
Ludhiana,2007,24,46.1,62.4
Ludhiana,2007,25,59.2,63.8
Ludhiana,2007,26,49.6,65.1
Ludhiana,2007,27,81.5,66.2
Ludhiana,2007,28,54.7,67.1
Ludhiana,2007,29,65.9,67.7
Ludhiana,2007,30,95.4,68.0
Ludhiana,2007,31,55.3,68.0
Ludhiana,2007,32,72.6,67.7
Ludhiana,2007,33,66.9,67.1
Ludhiana,2007,34,43.4,66.2
Ludhiana,2007,35,85.7,65.1
Ludhiana,2007,36,44.6,63.8
Ludhiana,2007,37,65.1,62.4
Ludhiana,2007,38,68.0,60.8
Ludhiana,2007,39,69.6,59.2
Ludhiana,2008,22,33.3,59.2
Ludhiana,2008,23,66.4,60.8
Ludhiana,2008,24,59.4,62.4
Ludhiana,2008,25,75.0,63.8
Ludhiana,2008,26,75.9,65.1
Ludhiana,2008,27,78.2,66.2
Ludhiana,2008,28,61.4,67.1
Ludhiana,2008,29,54.4,67.7
Ludhiana,2008,30,77.7,68.0
Ludhiana,2008,31,60.5,68.0
Ludhiana,2008,32,46.8,67.7
Ludhiana,2008,33,79.8,67.1
Ludhiana,2008,34,80.2,66.2
Ludhiana,2008,35,58.7,65.1
Ludhiana,2008,36,39.1,63.8
Ludhiana,2008,37,52.6,62.4
Ludhiana,2008,38,70.0,60.8
Ludhiana,2008,39,72.4,59.2
Ludhiana,2009,22,28.8,59.2
Ludhiana,2009,23,20.7,60.8
Ludhiana,2009,24,24.1,62.4
Ludhiana,2009,25,32.8,63.8
Ludhiana,2009,26,15.9,65.1
Ludhiana,2009,27,27.7,66.2
Ludhiana,2009,28,16.5,67.1
Ludhiana,2009,29,22.8,67.7
Ludhiana,2009,30,31.6,68.0
Ludhiana,2009,31,24.0,68.0
Ludhiana,2009,32,35.3,67.7
Ludhiana,2009,33,26.2,67.1
Ludhiana,2009,34,21.2,66.2
Ludhiana,2009,35,18.9,65.1
Ludhiana,2009,36,21.0,63.8
Ludhiana,2009,37,20.9,62.4
Ludhiana,2009,38,14.9,60.8
Ludhiana,2009,39,19.8,59.2
Ludhiana,2010,22,77.3,59.2
Ludhiana,2010,23,82.4,60.8
Ludhiana,2010,24,43.9,62.4
Ludhiana,2010,25,57.4,63.8
Ludhiana,2010,26,85.4,65.1
Ludhiana,2010,27,75.9,66.2
Ludhiana,2010,28,47.1,67.1
Ludhiana,2010,29,97.8,67.7
Ludhiana,2010,30,96.2,68.0
Ludhiana,2010,31,82.0,68.0
Ludhiana,2010,32,51.3,67.7
Ludhiana,2010,33,94.5,67.1
Ludhiana,2010,34,82.1,66.2
Ludhiana,2010,35,92.7,65.1
Ludhiana,2010,36,89.1,63.8
Ludhiana,2010,37,90.0,62.4
Ludhiana,2010,38,71.6,60.8
Ludhiana,2010,39,48.9,59.2
Ludhiana,2011,22,78.4,59.2
Ludhiana,2011,23,49.7,60.8
Ludhiana,2011,24,52.3,62.4
Ludhiana,2011,25,93.0,63.8
Ludhiana,2011,26,86.8,65.1
Ludhiana,2011,27,97.6,66.2
Ludhiana,2011,28,89.9,67.1
Ludhiana,2011,29,81.0,67.7
Ludhiana,2011,30,84.8,68.0
Ludhiana,2011,31,99.0,68.0
Ludhiana,2011,32,79.9,67.7
Ludhiana,2011,33,82.4,67.1
Ludhiana,2011,34,53.3,66.2
Ludhiana,2011,35,70.8,65.1
Ludhiana,2011,36,83.1,63.8
Ludhiana,2011,37,56.5,62.4
Ludhiana,2011,38,51.4,60.8
Ludhiana,2011,39,55.9,59.2
Ludhiana,2012,22,50.5,59.2
Ludhiana,2012,23,73.2,60.8
Ludhiana,2012,24,56.9,62.4
Ludhiana,2012,25,43.5,63.8
Ludhiana,2012,26,39.1,65.1
Ludhiana,2012,27,69.5,66.2
Ludhiana,2012,28,55.2,67.1
Ludhiana,2012,29,77.2,67.7
Ludhiana,2012,30,69.6,68.0
Ludhiana,2012,31,76.3,68.0
Ludhiana,2012,32,50.2,67.7
Ludhiana,2012,33,70.3,67.1
Ludhiana,2012,34,48.8,66.2
Ludhiana,2012,35,79.9,65.1
Ludhiana,2012,36,64.2,63.8
Ludhiana,2012,37,48.6,62.4
Ludhiana,2012,38,45.0,60.8
Ludhiana,2012,39,40.4,59.2
Ludhiana,2013,22,57.9,59.2
Ludhiana,2013,23,44.9,60.8
Ludhiana,2013,24,64.1,62.4
Ludhiana,2013,25,72.7,63.8
Ludhiana,2013,26,72.4,65.1
Ludhiana,2013,27,72.8,66.2
Ludhiana,2013,28,45.8,67.1
Ludhiana,2013,29,41.3,67.7
Ludhiana,2013,30,71.7,68.0
Ludhiana,2013,31,55.3,68.0
Ludhiana,2013,32,58.2,67.7
Ludhiana,2013,33,38.1,67.1
Ludhiana,2013,34,48.6,66.2
Ludhiana,2013,35,37.1,65.1
Ludhiana,2013,36,75.6,63.8
Ludhiana,2013,37,45.1,62.4
Ludhiana,2013,38,57.8,60.8
Ludhiana,2013,39,34.0,59.2
Ludhiana,2014,22,75.0,59.2
Ludhiana,2014,23,76.6,60.8
Ludhiana,2014,24,51.6,62.4
Ludhiana,2014,25,81.1,63.8
Ludhiana,2014,26,87.5,65.1
Ludhiana,2014,27,80.3,66.2
Ludhiana,2014,28,82.3,67.1
Ludhiana,2014,29,52.0,67.7
Ludhiana,2014,30,69.4,68.0
Ludhiana,2014,31,42.7,68.0
Ludhiana,2014,32,44.0,67.7
Ludhiana,2014,33,90.3,67.1
Ludhiana,2014,34,54.9,66.2
Ludhiana,2014,35,75.1,65.1
Ludhiana,2014,36,76.4,63.8
Ludhiana,2014,37,77.1,62.4
Ludhiana,2014,38,81.7,60.8
Ludhiana,2014,39,45.1,59.2
Ludhiana,2015,22,20.6,59.2
Ludhiana,2015,23,18.6,60.8
Ludhiana,2015,24,27.4,62.4
Ludhiana,2015,25,38.7,63.8
Ludhiana,2015,26,33.9,65.1
Ludhiana,2015,27,27.8,66.2
Ludhiana,2015,28,37.2,67.1
Ludhiana,2015,29,26.3,67.7
Ludhiana,2015,30,20.5,68.0
Ludhiana,2015,31,40.7,68.0
Ludhiana,2015,32,36.7,67.7
Ludhiana,2015,33,40.1,67.1
Ludhiana,2015,34,20.6,66.2
Ludhiana,2015,35,40.8,65.1
Ludhiana,2015,36,34.5,63.8
Ludhiana,2015,37,32.4,62.4
Ludhiana,2015,38,33.0,60.8
Ludhiana,2015,39,37.7,59.2
Ludhiana,2016,22,89.8,59.2
Ludhiana,2016,23,79.9,60.8
Ludhiana,2016,24,64.9,62.4
Ludhiana,2016,25,81.2,63.8
Ludhiana,2016,26,64.7,65.1
Ludhiana,2016,27,56.6,66.2
Ludhiana,2016,28,78.8,67.1
Ludhiana,2016,29,99.1,67.7
Ludhiana,2016,30,99.6,68.0
Ludhiana,2016,31,64.8,68.0
Ludhiana,2016,32,75.5,67.7
Ludhiana,2016,33,56.3,67.1
Ludhiana,2016,34,100.9,66.2
Ludhiana,2016,35,98.4,65.1
Ludhiana,2016,36,77.9,63.8
Ludhiana,2016,37,84.6,62.4
Ludhiana,2016,38,77.7,60.8
Ludhiana,2016,39,69.3,59.2
Ludhiana,2017,22,34.3,59.2
Ludhiana,2017,23,35.3,60.8
Ludhiana,2017,24,28.5,62.4
Ludhiana,2017,25,44.0,63.8
Ludhiana,2017,26,24.3,65.1
Ludhiana,2017,27,33.7,66.2
Ludhiana,2017,28,39.4,67.1
Ludhiana,2017,29,39.9,67.7
Ludhiana,2017,30,38.7,68.0
Ludhiana,2017,31,28.4,68.0
Ludhiana,2017,32,25.0,67.7
Ludhiana,2017,33,37.9,67.1
Ludhiana,2017,34,36.4,66.2
Ludhiana,2017,35,24.7,65.1
Ludhiana,2017,36,37.8,63.8
Ludhiana,2017,37,30.6,62.4
Ludhiana,2017,38,35.1,60.8
Ludhiana,2017,39,38.2,59.2
Ludhiana,2018,22,25.8,59.2
Ludhiana,2018,23,23.6,60.8
Ludhiana,2018,24,25.8,62.4
Ludhiana,2018,25,28.9,63.8
Ludhiana,2018,26,28.9,65.1
Ludhiana,2018,27,32.3,66.2
Ludhiana,2018,28,24.6,67.1
Ludhiana,2018,29,23.9,67.7
Ludhiana,2018,30,22.3,68.0
Ludhiana,2018,31,17.5,68.0
Ludhiana,2018,32,25.5,67.7
Ludhiana,2018,33,19.7,67.1
Ludhiana,2018,34,31.6,66.2
Ludhiana,2018,35,24.8,65.1
Ludhiana,2018,36,24.5,63.8
Ludhiana,2018,37,19.7,62.4
Ludhiana,2018,38,13.9,60.8
Ludhiana,2018,39,13.2,59.2
Ludhiana,2019,22,54.1,59.2
Ludhiana,2019,23,66.8,60.8
Ludhiana,2019,24,68.6,62.4
Ludhiana,2019,25,60.6,63.8
Ludhiana,2019,26,42.2,65.1
Ludhiana,2019,27,72.0,66.2
Ludhiana,2019,28,74.0,67.1
Ludhiana,2019,29,43.2,67.7
Ludhiana,2019,30,68.1,68.0
Ludhiana,2019,31,47.5,68.0
Ludhiana,2019,32,70.8,67.7
Ludhiana,2019,33,79.0,67.1
Ludhiana,2019,34,34.8,66.2
Ludhiana,2019,35,72.3,65.1
Ludhiana,2019,36,59.0,63.8
Ludhiana,2019,37,72.4,62.4
Ludhiana,2019,38,49.8,60.8
Ludhiana,2019,39,63.7,59.2
Ludhiana,2020,22,18.1,59.2
Ludhiana,2020,23,39.2,60.8
Ludhiana,2020,24,36.5,62.4
Ludhiana,2020,25,38.2,63.8
Ludhiana,2020,26,41.1,65.1
Ludhiana,2020,27,20.7,66.2
Ludhiana,2020,28,28.5,67.1
Ludhiana,2020,29,20.8,67.7
Ludhiana,2020,30,24.4,68.0
Ludhiana,2020,31,24.9,68.0
Ludhiana,2020,32,30.9,67.7
Ludhiana,2020,33,25.6,67.1
Ludhiana,2020,34,21.1,66.2
Ludhiana,2020,35,22.3,65.1
Ludhiana,2020,36,21.4,63.8
Ludhiana,2020,37,40.2,62.4
Ludhiana,2020,38,34.3,60.8
Ludhiana,2020,39,38.0,59.2
Ludhiana,2021,22,68.8,59.2
Ludhiana,2021,23,49.2,60.8
Ludhiana,2021,24,49.2,62.4
Ludhiana,2021,25,47.1,63.8
Ludhiana,2021,26,43.1,65.1
Ludhiana,2021,27,50.1,66.2
Ludhiana,2021,28,55.7,67.1
Ludhiana,2021,29,72.4,67.7
Ludhiana,2021,30,41.5,68.0
Ludhiana,2021,31,49.1,68.0
Ludhiana,2021,32,79.3,67.7
Ludhiana,2021,33,45.2,67.1
Ludhiana,2021,34,54.4,66.2
Ludhiana,2021,35,79.0,65.1
Ludhiana,2021,36,43.4,63.8
Ludhiana,2021,37,39.0,62.4
Ludhiana,2021,38,56.4,60.8
Ludhiana,2021,39,46.8,59.2
Ludhiana,2022,22,50.5,59.2
Ludhiana,2022,23,77.8,60.8
Ludhiana,2022,24,75.3,62.4
Ludhiana,2022,25,54.9,63.8
Ludhiana,2022,26,86.1,65.1
Ludhiana,2022,27,65.2,66.2
Ludhiana,2022,28,79.9,67.1
Ludhiana,2022,29,54.2,67.7
Ludhiana,2022,30,79.1,68.0
Ludhiana,2022,31,69.1,68.0
Ludhiana,2022,32,102.3,67.7
Ludhiana,2022,33,52.1,67.1
Ludhiana,2022,34,74.4,66.2
Ludhiana,2022,35,75.7,65.1
Ludhiana,2022,36,90.5,63.8
Ludhiana,2022,37,79.4,62.4
Ludhiana,2022,38,82.8,60.8
Ludhiana,2022,39,86.9,59.2
Ludhiana,2023,22,58.3,59.2
Ludhiana,2023,23,74.0,60.8
Ludhiana,2023,24,83.0,62.4
Ludhiana,2023,25,80.1,63.8
Ludhiana,2023,26,55.9,65.1
Ludhiana,2023,27,47.9,66.2
Ludhiana,2023,28,63.7,67.1
Ludhiana,2023,29,77.3,67.7
Ludhiana,2023,30,64.7,68.0
Ludhiana,2023,31,64.2,68.0
Ludhiana,2023,32,82.3,67.7
Ludhiana,2023,33,57.1,67.1
Ludhiana,2023,34,81.6,66.2
Ludhiana,2023,35,57.7,65.1
Ludhiana,2023,36,52.7,63.8
Ludhiana,2023,37,57.5,62.4
Ludhiana,2023,38,70.4,60.8
Ludhiana,2023,39,39.7,59.2
Ludhiana,2024,22,29.9,59.2
Ludhiana,2024,23,43.8,60.8
Ludhiana,2024,24,45.3,62.4
Ludhiana,2024,25,43.2,63.8
Ludhiana,2024,26,49.6,65.1
Ludhiana,2024,27,35.5,66.2
Ludhiana,2024,28,47.8,67.1
Ludhiana,2024,29,41.5,67.7
Ludhiana,2024,30,52.4,68.0
Ludhiana,2024,31,33.1,68.0
Ludhiana,2024,32,48.9,67.7
Ludhiana,2024,33,34.3,67.1
Ludhiana,2024,34,37.2,66.2
Ludhiana,2024,35,34.5,65.1
Ludhiana,2024,36,32.5,63.8
Ludhiana,2024,37,53.7,62.4
Ludhiana,2024,38,34.4,60.8
Ludhiana,2024,39,54.2,59.2
Nashik,2005,22,69.3,88.3
Nashik,2005,23,98.0,90.8
Nashik,2005,24,72.6,93.1
Nashik,2005,25,55.6,95.3
Nashik,2005,26,88.6,97.3
Nashik,2005,27,110.0,98.9
Nashik,2005,28,108.0,100.2
Nashik,2005,29,65.2,101.1
Nashik,2005,30,100.7,101.5
Nashik,2005,31,68.7,101.5
Nashik,2005,32,68.2,101.1
Nashik,2005,33,113.5,100.2
Nashik,2005,34,68.9,98.9
Nashik,2005,35,68.7,97.3
Nashik,2005,36,49.9,95.3
Nashik,2005,37,105.2,93.1
Nashik,2005,38,97.6,90.8
Nashik,2005,39,84.8,88.3
Nashik,2006,22,74.8,88.3
Nashik,2006,23,70.1,90.8
Nashik,2006,24,55.1,93.1
Nashik,2006,25,82.6,95.3
Nashik,2006,26,113.9,97.3
Nashik,2006,27,54.8,98.9
Nashik,2006,28,73.1,100.2
Nashik,2006,29,67.8,101.1
Nashik,2006,30,70.3,101.5
Nashik,2006,31,118.0,101.5
Nashik,2006,32,86.3,101.1
Nashik,2006,33,85.4,100.2
Nashik,2006,34,104.7,98.9
Nashik,2006,35,61.7,97.3
Nashik,2006,36,82.7,95.3
Nashik,2006,37,77.0,93.1
Nashik,2006,38,85.7,90.8
Nashik,2006,39,108.3,88.3
Nashik,2007,22,111.4,88.3
Nashik,2007,23,66.8,90.8
Nashik,2007,24,58.1,93.1
Nashik,2007,25,72.7,95.3
Nashik,2007,26,84.8,97.3
Nashik,2007,27,99.7,98.9
Nashik,2007,28,109.3,100.2
Nashik,2007,29,134.2,101.1
Nashik,2007,30,102.2,101.5
Nashik,2007,31,101.5,101.5
Nashik,2007,32,64.6,101.1
Nashik,2007,33,62.9,100.2
Nashik,2007,34,102.9,98.9
Nashik,2007,35,92.4,97.3
Nashik,2007,36,121.1,95.3
Nashik,2007,37,67.8,93.1
Nashik,2007,38,56.2,90.8
Nashik,2007,39,84.7,88.3
Nashik,2008,22,86.0,88.3
Nashik,2008,23,51.6,90.8
Nashik,2008,24,83.5,93.1
Nashik,2008,25,64.9,95.3
Nashik,2008,26,59.3,97.3
Nashik,2008,27,73.7,98.9
Nashik,2008,28,102.6,100.2
Nashik,2008,29,76.2,101.1
Nashik,2008,30,100.6,101.5
Nashik,2008,31,58.7,101.5
Nashik,2008,32,101.6,101.1
Nashik,2008,33,65.3,100.2
Nashik,2008,34,93.2,98.9
Nashik,2008,35,84.5,97.3
Nashik,2008,36,105.6,95.3
Nashik,2008,37,69.9,93.1
Nashik,2008,38,48.9,90.8
Nashik,2008,39,44.8,88.3
Nashik,2009,22,114.5,88.3
Nashik,2009,23,76.0,90.8
Nashik,2009,24,86.7,93.1
Nashik,2009,25,63.2,95.3
Nashik,2009,26,141.5,97.3
Nashik,2009,27,119.2,98.9
Nashik,2009,28,143.4,100.2
Nashik,2009,29,87.2,101.1
Nashik,2009,30,117.5,101.5
Nashik,2009,31,123.3,101.5
Nashik,2009,32,91.7,101.1
Nashik,2009,33,136.1,100.2
Nashik,2009,34,142.7,98.9
Nashik,2009,35,135.2,97.3
Nashik,2009,36,120.6,95.3
Nashik,2009,37,81.3,93.1
Nashik,2009,38,79.6,90.8
Nashik,2009,39,128.6,88.3
Nashik,2010,22,61.8,88.3
Nashik,2010,23,59.9,90.8
Nashik,2010,24,77.9,93.1
Nashik,2010,25,48.6,95.3
Nashik,2010,26,50.9,97.3
Nashik,2010,27,39.4,98.9
Nashik,2010,28,57.4,100.2
Nashik,2010,29,49.1,101.1
Nashik,2010,30,53.3,101.5
Nashik,2010,31,77.3,101.5
Nashik,2010,32,81.9,101.1
Nashik,2010,33,45.1,100.2
Nashik,2010,34,53.4,98.9
Nashik,2010,35,78.5,97.3
Nashik,2010,36,37.2,95.3
Nashik,2010,37,37.7,93.1
Nashik,2010,38,39.8,90.8
Nashik,2010,39,57.1,88.3
Nashik,2011,22,58.3,88.3
Nashik,2011,23,62.6,90.8
Nashik,2011,24,51.2,93.1
Nashik,2011,25,64.1,95.3
Nashik,2011,26,75.7,97.3
Nashik,2011,27,81.8,98.9
Nashik,2011,28,83.0,100.2
Nashik,2011,29,74.0,101.1
Nashik,2011,30,92.6,101.5
Nashik,2011,31,87.7,101.5
Nashik,2011,32,84.0,101.1
Nashik,2011,33,44.5,100.2
Nashik,2011,34,41.3,98.9
Nashik,2011,35,51.6,97.3
Nashik,2011,36,74.3,95.3
Nashik,2011,37,59.6,93.1
Nashik,2011,38,57.7,90.8
Nashik,2011,39,79.6,88.3
Nashik,2012,22,94.3,88.3
Nashik,2012,23,131.3,90.8
Nashik,2012,24,95.5,93.1
Nashik,2012,25,90.0,95.3
Nashik,2012,26,91.2,97.3
Nashik,2012,27,108.4,98.9
Nashik,2012,28,118.7,100.2
Nashik,2012,29,160.4,101.1
Nashik,2012,30,88.7,101.5
Nashik,2012,31,151.3,101.5
Nashik,2012,32,130.0,101.1
Nashik,2012,33,104.4,100.2
Nashik,2012,34,123.4,98.9
Nashik,2012,35,102.5,97.3
Nashik,2012,36,128.8,95.3
Nashik,2012,37,110.7,93.1
Nashik,2012,38,83.3,90.8
Nashik,2012,39,76.8,88.3
Nashik,2013,22,96.7,88.3
Nashik,2013,23,134.8,90.8
Nashik,2013,24,131.3,93.1
Nashik,2013,25,160.4,95.3
Nashik,2013,26,153.0,97.3
Nashik,2013,27,130.4,98.9
Nashik,2013,28,141.1,100.2
Nashik,2013,29,166.8,101.1
Nashik,2013,30,116.8,101.5
Nashik,2013,31,109.4,101.5
Nashik,2013,32,77.0,101.1
Nashik,2013,33,158.1,100.2
Nashik,2013,34,153.6,98.9
Nashik,2013,35,83.2,97.3
Nashik,2013,36,126.6,95.3
Nashik,2013,37,113.2,93.1
Nashik,2013,38,78.9,90.8
Nashik,2013,39,153.0,88.3
Nashik,2014,22,35.5,88.3
Nashik,2014,23,40.4,90.8
Nashik,2014,24,21.8,93.1
Nashik,2014,25,40.1,95.3
Nashik,2014,26,37.3,97.3
Nashik,2014,27,25.2,98.9
Nashik,2014,28,27.6,100.2
Nashik,2014,29,39.8,101.1
Nashik,2014,30,31.7,101.5
Nashik,2014,31,51.2,101.5
Nashik,2014,32,47.4,101.1
Nashik,2014,33,51.9,100.2
Nashik,2014,34,29.8,98.9
Nashik,2014,35,50.0,97.3
Nashik,2014,36,33.6,95.3
Nashik,2014,37,30.5,93.1
Nashik,2014,38,21.7,90.8
Nashik,2014,39,21.2,88.3
Nashik,2015,22,71.0,88.3
Nashik,2015,23,101.9,90.8
Nashik,2015,24,76.9,93.1
Nashik,2015,25,104.2,95.3
Nashik,2015,26,88.8,97.3
Nashik,2015,27,128.1,98.9
Nashik,2015,28,129.6,100.2
Nashik,2015,29,102.1,101.1
Nashik,2015,30,92.0,101.5
Nashik,2015,31,93.0,101.5
Nashik,2015,32,129.5,101.1
Nashik,2015,33,88.9,100.2
Nashik,2015,34,78.1,98.9
Nashik,2015,35,66.8,97.3
Nashik,2015,36,95.5,95.3
Nashik,2015,37,94.5,93.1
Nashik,2015,38,118.9,90.8
Nashik,2015,39,70.6,88.3
Nashik,2016,22,133.9,88.3
Nashik,2016,23,99.2,90.8
Nashik,2016,24,108.5,93.1
Nashik,2016,25,96.7,95.3
Nashik,2016,26,157.7,97.3
Nashik,2016,27,82.8,98.9
Nashik,2016,28,162.5,100.2
Nashik,2016,29,139.6,101.1
Nashik,2016,30,125.4,101.5
Nashik,2016,31,76.6,101.5
Nashik,2016,32,119.4,101.1
Nashik,2016,33,111.8,100.2
Nashik,2016,34,86.8,98.9
Nashik,2016,35,131.8,97.3
Nashik,2016,36,158.1,95.3
Nashik,2016,37,117.7,93.1
Nashik,2016,38,128.1,90.8
Nashik,2016,39,69.7,88.3
Nashik,2017,22,82.7,88.3
Nashik,2017,23,105.2,90.8
Nashik,2017,24,90.3,93.1
Nashik,2017,25,54.1,95.3
Nashik,2017,26,73.8,97.3
Nashik,2017,27,88.3,98.9
Nashik,2017,28,79.3,100.2
Nashik,2017,29,109.9,101.1
Nashik,2017,30,109.1,101.5
Nashik,2017,31,94.9,101.5
Nashik,2017,32,78.0,101.1
Nashik,2017,33,69.2,100.2
Nashik,2017,34,58.1,98.9
Nashik,2017,35,73.8,97.3
Nashik,2017,36,76.1,95.3
Nashik,2017,37,91.2,93.1
Nashik,2017,38,87.8,90.8
Nashik,2017,39,49.7,88.3
Nashik,2018,22,57.1,88.3
Nashik,2018,23,102.1,90.8
Nashik,2018,24,52.6,93.1
Nashik,2018,25,79.4,95.3
Nashik,2018,26,63.7,97.3
Nashik,2018,27,114.9,98.9
Nashik,2018,28,93.3,100.2
Nashik,2018,29,70.7,101.1
Nashik,2018,30,90.6,101.5
Nashik,2018,31,107.2,101.5
Nashik,2018,32,123.1,101.1
Nashik,2018,33,69.3,100.2
Nashik,2018,34,115.4,98.9
Nashik,2018,35,116.8,97.3
Nashik,2018,36,113.2,95.3
Nashik,2018,37,92.0,93.1
Nashik,2018,38,89.3,90.8
Nashik,2018,39,72.6,88.3
Nashik,2019,22,107.5,88.3
Nashik,2019,23,91.2,90.8
Nashik,2019,24,117.6,93.1
Nashik,2019,25,127.9,95.3
Nashik,2019,26,74.3,97.3
Nashik,2019,27,133.5,98.9
Nashik,2019,28,110.2,100.2
Nashik,2019,29,137.4,101.1
Nashik,2019,30,102.3,101.5
Nashik,2019,31,97.7,101.5
Nashik,2019,32,143.5,101.1
Nashik,2019,33,85.5,100.2
Nashik,2019,34,134.4,98.9
Nashik,2019,35,102.3,97.3
Nashik,2019,36,102.7,95.3
Nashik,2019,37,84.0,93.1
Nashik,2019,38,102.4,90.8
Nashik,2019,39,81.0,88.3
Nashik,2020,22,23.8,88.3
Nashik,2020,23,55.9,90.8
Nashik,2020,24,56.9,93.1
Nashik,2020,25,38.9,95.3
Nashik,2020,26,51.2,97.3
Nashik,2020,27,38.6,98.9
Nashik,2020,28,50.7,100.2
Nashik,2020,29,56.0,101.1
Nashik,2020,30,61.4,101.5
Nashik,2020,31,41.6,101.5
Nashik,2020,32,55.2,101.1
Nashik,2020,33,36.3,100.2
Nashik,2020,34,61.3,98.9
Nashik,2020,35,26.9,97.3
Nashik,2020,36,46.0,95.3
Nashik,2020,37,46.8,93.1
Nashik,2020,38,46.5,90.8
Nashik,2020,39,27.4,88.3
Nashik,2021,22,86.4,88.3
Nashik,2021,23,62.9,90.8
Nashik,2021,24,70.2,93.1
Nashik,2021,25,88.0,95.3
Nashik,2021,26,80.9,97.3
Nashik,2021,27,64.2,98.9
Nashik,2021,28,65.8,100.2
Nashik,2021,29,84.1,101.1
Nashik,2021,30,109.0,101.5
Nashik,2021,31,119.2,101.5
Nashik,2021,32,60.1,101.1
Nashik,2021,33,81.6,100.2
Nashik,2021,34,59.9,98.9
Nashik,2021,35,53.1,97.3
Nashik,2021,36,95.9,95.3
Nashik,2021,37,89.7,93.1
Nashik,2021,38,59.1,90.8
Nashik,2021,39,61.9,88.3
Nashik,2022,22,78.3,88.3
Nashik,2022,23,41.3,90.8
Nashik,2022,24,47.0,93.1
Nashik,2022,25,79.3,95.3
Nashik,2022,26,83.8,97.3
Nashik,2022,27,59.4,98.9
Nashik,2022,28,41.2,100.2
Nashik,2022,29,41.0,101.1
Nashik,2022,30,69.1,101.5
Nashik,2022,31,59.6,101.5
Nashik,2022,32,40.4,101.1
Nashik,2022,33,68.6,100.2
Nashik,2022,34,38.7,98.9
Nashik,2022,35,76.8,97.3
Nashik,2022,36,51.7,95.3
Nashik,2022,37,37.8,93.1
Nashik,2022,38,62.4,90.8
Nashik,2022,39,52.1,88.3
Nashik,2023,22,77.7,88.3
Nashik,2023,23,113.6,90.8
Nashik,2023,24,81.6,93.1
Nashik,2023,25,135.2,95.3
Nashik,2023,26,93.8,97.3
Nashik,2023,27,110.3,98.9
Nashik,2023,28,68.8,100.2
Nashik,2023,29,102.0,101.1
Nashik,2023,30,137.8,101.5
Nashik,2023,31,135.5,101.5
Nashik,2023,32,84.5,101.1
Nashik,2023,33,83.9,100.2
Nashik,2023,34,133.0,98.9
Nashik,2023,35,140.2,97.3
Nashik,2023,36,69.1,95.3
Nashik,2023,37,95.9,93.1
Nashik,2023,38,84.7,90.8
Nashik,2023,39,122.8,88.3
Nashik,2024,22,45.0,88.3
Nashik,2024,23,24.7,90.8
Nashik,2024,24,39.2,93.1
Nashik,2024,25,38.5,95.3
Nashik,2024,26,35.8,97.3
Nashik,2024,27,38.4,98.9
Nashik,2024,28,43.5,100.2
Nashik,2024,29,31.2,101.1
Nashik,2024,30,45.5,101.5
Nashik,2024,31,53.6,101.5
Nashik,2024,32,51.8,101.1
Nashik,2024,33,30.7,100.2
Nashik,2024,34,30.2,98.9
Nashik,2024,35,33.6,97.3
Nashik,2024,36,35.9,95.3
Nashik,2024,37,36.6,93.1
Nashik,2024,38,44.0,90.8
Nashik,2024,39,24.2,88.3
